protein,ligand,ligand_smiles,protein_length,affinity_pred_value,affinity_probability_binary,affinity_pred_value1,affinity_probability_binary1,affinity_pred_value2,affinity_probability_binary2,confidence_score,ptm,iptm,ligand_iptm,complex_plddt,complex_iplddt,complex_pde,complex_ipde
5HT2A_HUMAN,ach,CC(=O)OCC[N+](C)(C)C,471,2.0933585166931152,0.6790313720703125,0.23403683304786682,0.47347521781921387,3.9526801109313965,0.8845875263214111,0.7984790802001953,0.8347680568695068,0.9799720048904419,0.9799720048904419,0.753105878829956,0.8170868158340454,0.7189880609512329,0.6138425469398499
5HT2A_HUMAN,dop,C1=CC(=C(C=C1CCN)O)O,471,-0.640670657157898,0.8997396230697632,-0.8977757692337036,0.9223088026046753,-0.3835654854774475,0.8771705031394958,0.792694091796875,0.9088131189346313,0.9839221239089966,0.9839221239089966,0.744887113571167,0.7705335021018982,0.42429450154304504,0.5016481280326843
5HT2A_HUMAN,his,C1=C(NC=N1)CCN,471,1.4288032054901123,0.6406986713409424,1.706938624382019,0.6165925860404968,1.1506677865982056,0.6648048162460327,0.7978825569152832,0.8749783635139465,0.955596923828125,0.955596923828125,0.7584539651870728,0.8031789660453796,0.6663778424263,0.9140461087226868
5HT2A_HUMAN,pea,C1=CC=C(C=C1)CCN,471,1.4525713920593262,0.6291946768760681,1.2114919424057007,0.7778189778327942,1.6936508417129517,0.48057040572166443,0.8106505274772644,0.8807074427604675,0.9829811453819275,0.9829811453819275,0.7675678730010986,0.8146525621414185,0.5430540442466736,0.5481821298599243
5HT2A_HUMAN,ser,C1=CC2=C(C=C1O)C(=CN2)CCN,471,-2.09451961517334,0.9947615265846252,-1.839414119720459,0.9997091889381409,-2.3496251106262207,0.9898138642311096,0.7893652319908142,0.9404249787330627,0.9911994934082031,0.9911994934082031,0.7389066219329834,0.8174654245376587,0.45162516832351685,0.38497650623321533
5HT2A_HUMAN,try,C1=CC=C2C(=C1)C(=CN2)CCN,471,-0.657394528388977,0.9605298638343811,-0.8415921926498413,0.9717550277709961,-0.47319692373275757,0.9493046998977661,0.8108351826667786,0.905608057975769,0.9906323552131653,0.9906323552131653,0.7658858895301819,0.8396820425987244,0.47369545698165894,0.3920030891895294
5HT2B_HUMAN,ach,CC(=O)OCC[N+](C)(C)C,481,0.7119356393814087,0.6590057015419006,-0.5752241611480713,0.38661816716194153,1.9990954399108887,0.9313932061195374,0.7763023972511292,0.8612073063850403,0.9709219336509705,0.9709219336509705,0.7276474833488464,0.8178196549415588,0.7284673452377319,0.7675420045852661
5HT2B_HUMAN,dop,C1=CC(=C(C=C1CCN)O)O,481,-0.2300989180803299,0.8144322633743286,0.31795886158943176,0.7666312456130981,-0.7781566977500916,0.8622332811355591,0.7810018062591553,0.8934553265571594,0.9916597008705139,0.9916597008705139,0.7283373475074768,0.8294482827186584,0.5877615213394165,0.41278958320617676
5HT2B_HUMAN,his,C1=C(NC=N1)CCN,481,0.8786830902099609,0.6038326025009155,1.2095853090286255,0.6087194085121155,0.5477808713912964,0.5989458560943604,0.77838134765625,0.9646139740943909,0.9859922528266907,0.9859922528266907,0.726478636264801,0.8109604716300964,0.32911548018455505,0.5426414608955383
5HT2B_HUMAN,pea,C1=CC=C(C=C1)CCN,481,0.5967240333557129,0.7951583862304688,0.8793389201164246,0.7696956396102905,0.3141091465950012,0.8206211924552917,0.7861834764480591,0.8616267442703247,0.9877873659133911,0.9877873659133911,0.7357824444770813,0.8254297971725464,0.704108476638794,0.5276644229888916
5HT2B_HUMAN,ser,C1=CC2=C(C=C1O)C(=CN2)CCN,481,-2.123579263687134,0.9947191476821899,-1.8700870275497437,0.9996379613876343,-2.3770716190338135,0.9898003935813904,0.7910446524620056,0.8818449378013611,0.9933741688728333,0.9933741688728333,0.7404623031616211,0.8536496758460999,0.6523710489273071,0.36950424313545227
5HT2B_HUMAN,try,C1=CC=C2C(=C1)C(=CN2)CCN,481,-0.5364730954170227,0.9360712766647339,-0.4387171268463135,0.9321870803833008,-0.6342290639877319,0.939955472946167,0.8007740378379822,0.8666654229164124,0.9928163886070251,0.9928163886070251,0.7527633905410767,0.8552979230880737,0.6552808284759521,0.4064885377883911
5HT2C_HUMAN,ach,CC(=O)OCC[N+](C)(C)C,458,1.1854248046875,0.8488039970397949,-0.7579823732376099,0.7812204957008362,3.1288318634033203,0.9163875579833984,0.7787871956825256,0.7602283954620361,0.9582986235618591,0.9582986235618591,0.7339093089103699,0.8204867839813232,1.3685795068740845,0.9223070740699768
5HT2C_HUMAN,dop,C1=CC(=C(C=C1CCN)O)O,458,-0.7772068381309509,0.9258630871772766,-0.6048460006713867,0.9181324243545532,-0.9495676755905151,0.93359375,0.762060821056366,0.7985551953315735,0.9814099669456482,0.9814099669456482,0.7072234749794006,0.7940855026245117,1.1231489181518555,0.5970464944839478
5HT2C_HUMAN,his,C1=C(NC=N1)CCN,458,1.4180604219436646,0.6749547123908997,1.8993594646453857,0.6589300632476807,0.9367613196372986,0.6909793615341187,0.8036923408508301,0.8144957423210144,0.9776521921157837,0.9776521921157837,0.7602024078369141,0.8356818556785583,1.119546890258789,0.7051510214805603
5HT2C_HUMAN,pea,C1=CC=C(C=C1)CCN,458,1.036447286605835,0.7479814291000366,1.1331685781478882,0.7943126559257507,0.9397259950637817,0.7016502022743225,0.7955847978591919,0.8625152111053467,0.9790878295898438,0.9790878295898438,0.7497090101242065,0.8296552300453186,0.810438334941864,0.6292882561683655
5HT2C_HUMAN,ser,C1=CC2=C(C=C1O)C(=CN2)CCN,458,-2.2134475708007812,0.9936813116073608,-2.0206689834594727,0.9991018772125244,-2.406226396560669,0.9882607460021973,0.7942764163017273,0.8300603628158569,0.9886469841003418,0.9886469841003418,0.7456837892532349,0.8463428616523743,0.9727208018302917,0.46588295698165894
5HT2C_HUMAN,try,C1=CC=C2C(=C1)C(=CN2)CCN,458,-0.7182710766792297,0.9430222511291504,-1.091550350189209,0.9524030685424805,-0.3449917733669281,0.9336413741111755,0.8070217370986938,0.9337934255599976,0.989518404006958,0.989518404006958,0.7613974809646606,0.8514673709869385,0.4400380551815033,0.4254319965839386
ACM1_DROME,ach,CC(=O)OCC[N+](C)(C)C,805,-1.183288335800171,0.9890628457069397,-2.0192465782165527,0.9924008846282959,-0.3473299741744995,0.9857248067855835,0.5997375249862671,0.5044997334480286,0.9668627381324768,0.9668627381324768,0.5079562067985535,0.6351162195205688,3.7601399421691895,1.3038616180419922
ACM1_DROME,dop,C1=CC(=C(C=C1CCN)O)O,805,-0.056703969836235046,0.7491476535797119,0.37562909722328186,0.6632438898086548,-0.48903703689575195,0.8350514769554138,0.6193761229515076,0.5308307409286499,0.9696300029754639,0.9696300029754639,0.5318126082420349,0.6461947560310364,3.012394428253174,1.4359484910964966
ACM1_DROME,his,C1=C(NC=N1)CCN,805,-0.21215519309043884,0.8430219888687134,-0.11924014985561371,0.8730081915855408,-0.30507025122642517,0.8130358457565308,0.5949716567993164,0.49483832716941833,0.9466230273246765,0.9466230273246765,0.5070587992668152,0.6166470050811768,3.762662172317505,1.7147141695022583
ACM1_DROME,pea,C1=CC=C(C=C1)CCN,805,0.30192506313323975,0.8414438962936401,0.38255470991134644,0.9263519644737244,0.22129541635513306,0.7565357685089111,0.6051399111747742,0.5569327473640442,0.9640582799911499,0.9640582799911499,0.515410304069519,0.626269519329071,3.3857853412628174,1.5137040615081787
ACM1_DROME,ser,C1=CC2=C(C=C1O)C(=CN2)CCN,805,-0.16332654654979706,0.7388591766357422,0.11868742108345032,0.7534580826759338,-0.44534051418304443,0.7242602109909058,0.6042035222053528,0.5196681618690491,0.9489420652389526,0.9489420652389526,0.5180188417434692,0.651616632938385,3.754261016845703,1.59700608253479
ACM1_DROME,try,C1=CC=C2C(=C1)C(=CN2)CCN,805,0.16759872436523438,0.701772153377533,0.3264252841472626,0.7650337219238281,0.008772172033786774,0.6385105848312378,0.6164061427116394,0.5637239813804626,0.974898099899292,0.974898099899292,0.5267831683158875,0.6533358693122864,2.9499592781066895,1.3210641145706177
ACM1_HUMAN,ach,CC(=O)OCC[N+](C)(C)C,460,-0.9583978652954102,0.9876440763473511,-1.521180510520935,0.9822288751602173,-0.39561527967453003,0.9930592775344849,0.7428919672966003,0.7322665452957153,0.9870592355728149,0.9870592355728149,0.6818501949310303,0.7688525915145874,1.5271390676498413,0.5971372723579407
ACM1_HUMAN,dop,C1=CC(=C(C=C1CCN)O)O,460,0.03726761043071747,0.6744515895843506,-0.04911130666732788,0.680229663848877,0.12364652752876282,0.6686735153198242,0.7397273182868958,0.7902754545211792,0.9766955971717834,0.9766955971717834,0.6804852485656738,0.7606198191642761,1.233201503753662,0.7752907872200012
ACM1_HUMAN,his,C1=C(NC=N1)CCN,460,-0.16049893200397491,0.8524559736251831,-0.3025476336479187,0.9262050986289978,-0.018450237810611725,0.7787067890167236,0.7535723447799683,0.8061088919639587,0.9699751734733582,0.9699751734733582,0.6994715929031372,0.7734964489936829,1.0874011516571045,0.8057599663734436
ACM1_HUMAN,pea,C1=CC=C(C=C1)CCN,460,0.1914730817079544,0.8639765977859497,0.35555556416511536,0.9185445308685303,0.02739058993756771,0.8094086050987244,0.743203341960907,0.8010436296463013,0.9862823486328125,0.9862823486328125,0.682433545589447,0.7744331955909729,1.1327455043792725,0.6040505170822144
ACM1_HUMAN,ser,C1=CC2=C(C=C1O)C(=CN2)CCN,460,-0.06824462860822678,0.6274532079696655,-0.03104517236351967,0.6674802899360657,-0.10544408857822418,0.5874261260032654,0.7517049908638,0.7671235203742981,0.9809569716453552,0.9809569716453552,0.6943919658660889,0.7931350469589233,1.274963140487671,0.6935181617736816
ACM1_HUMAN,try,C1=CC=C2C(=C1)C(=CN2)CCN,460,-0.08778045326471329,0.6575669050216675,-0.16880273818969727,0.7751752138137817,-0.006758164614439011,0.539958655834198,0.7541606426239014,0.855397641658783,0.9924567341804504,0.9924567341804504,0.6945866346359253,0.8008708357810974,0.9194764494895935,0.5779984593391418
ACM1_MOUSE,ach,CC(=O)OCC[N+](C)(C)C,460,-1.1642978191375732,0.9851921796798706,-1.4510830640792847,0.9747552275657654,-0.8775126338005066,0.995629072189331,0.7365416288375854,0.8254112601280212,0.9834504127502441,0.9834504127502441,0.6748144030570984,0.7687065601348877,0.9646674990653992,0.6149716973304749
ACM1_MOUSE,dop,C1=CC(=C(C=C1CCN)O)O,460,-0.29677677154541016,0.6731323003768921,-0.4267091155052185,0.6726758480072021,-0.1668444126844406,0.6735886931419373,0.7514126896858215,0.7967784404754639,0.978437066078186,0.978437066078186,0.6946566104888916,0.7727053761482239,1.1460319757461548,0.6961929798126221
ACM1_MOUSE,his,C1=C(NC=N1)CCN,460,0.16655902564525604,0.8009576797485352,0.23419979214668274,0.8796493411064148,0.09891825914382935,0.7222659587860107,0.7406381964683533,0.7253214716911316,0.9548578858375549,0.9548578858375549,0.6870833039283752,0.7647739052772522,1.553542971611023,1.017019271850586
ACM1_MOUSE,pea,C1=CC=C(C=C1)CCN,460,0.4172203540802002,0.7609763145446777,0.6177445650100708,0.874821126461029,0.2166961133480072,0.6471315622329712,0.7612112760543823,0.7374499440193176,0.9732435345649719,0.9732435345649719,0.7082031965255737,0.7864259481430054,1.4340499639511108,0.8856614828109741
ACM1_MOUSE,ser,C1=CC2=C(C=C1O)C(=CN2)CCN,460,0.30065077543258667,0.5370503664016724,0.12569770216941833,0.584449052810669,0.4756038784980774,0.489651620388031,0.7491368651390076,0.8083768486976624,0.9728703498840332,0.9728703498840332,0.6932035088539124,0.7849090695381165,1.1117973327636719,0.781489908695221
ACM1_MOUSE,try,C1=CC=C2C(=C1)C(=CN2)CCN,460,0.026320621371269226,0.6608452200889587,0.028360694646835327,0.7611667513847351,0.024280548095703125,0.5605236887931824,0.7447547316551208,0.9144470691680908,0.9876173138618469,0.9876173138618469,0.6840390563011169,0.7799753546714783,0.5697697997093201,0.6018080711364746
ACM2_HUMAN,ach,CC(=O)OCC[N+](C)(C)C,466,-1.8005223274230957,0.9968838691711426,-1.8293651342391968,0.9956390857696533,-1.7716796398162842,0.9981285929679871,0.7418662905693054,0.7718199491500854,0.9814974069595337,0.9814974069595337,0.6819584965705872,0.7882338762283325,1.2442278861999512,0.6121798753738403
ACM2_HUMAN,dop,C1=CC(=C(C=C1CCN)O)O,466,0.0627051442861557,0.7117047309875488,-0.12381193786859512,0.700896143913269,0.24922221899032593,0.7225133180618286,0.7730442881584167,0.7846737504005432,0.9795141220092773,0.9795141220092773,0.7214268445968628,0.8169138431549072,1.0099918842315674,0.6804355382919312
ACM2_HUMAN,his,C1=C(NC=N1)CCN,466,-0.11629898846149445,0.862436056137085,0.07391057163476944,0.8944030404090881,-0.30650854110717773,0.8304690718650818,0.7548434734344482,0.788550853729248,0.9694006443023682,0.9694006443023682,0.7012041807174683,0.79312664270401,1.3265018463134766,0.7976768612861633
ACM2_HUMAN,pea,C1=CC=C(C=C1)CCN,466,0.16305150091648102,0.8705538511276245,0.022256936877965927,0.9471812844276428,0.3038460612297058,0.7939264178276062,0.7700842022895813,0.7379757165908813,0.9794055223464966,0.9794055223464966,0.7177538871765137,0.8074536323547363,1.318662405014038,0.725633978843689
ACM2_HUMAN,ser,C1=CC2=C(C=C1O)C(=CN2)CCN,466,0.05595719814300537,0.6562916040420532,-0.010414969176054,0.5999088287353516,0.12232936918735504,0.7126743793487549,0.7586246728897095,0.8594406843185425,0.9781196713447571,0.9781196713447571,0.7037509083747864,0.8148512244224548,0.7764402031898499,0.6208820343017578
ACM2_HUMAN,try,C1=CC=C2C(=C1)C(=CN2)CCN,466,0.25384271144866943,0.730589747428894,0.12112325429916382,0.8069543242454529,0.38656216859817505,0.6542251110076904,0.7597473859786987,0.7499405145645142,0.9835917353630066,0.9835917353630066,0.7037862539291382,0.812809407711029,1.464698076248169,0.6823968291282654
ACM2_MOUSE,ach,CC(=O)OCC[N+](C)(C)C,466,-1.5048260688781738,0.997427761554718,-1.882632851600647,0.9969006776809692,-1.1270194053649902,0.9979548454284668,0.7487382888793945,0.8191592693328857,0.9864692687988281,0.9864692687988281,0.6893055438995361,0.7980673313140869,0.9899393320083618,0.5345996618270874
ACM2_MOUSE,dop,C1=CC(=C(C=C1CCN)O)O,466,0.21985980868339539,0.7172321081161499,0.18287433683872223,0.700045645236969,0.25684526562690735,0.734418511390686,0.7488860487937927,0.7959718704223633,0.9830835461616516,0.9830835461616516,0.6903366446495056,0.799757719039917,1.2213720083236694,0.6091172695159912
ACM2_MOUSE,his,C1=C(NC=N1)CCN,466,-0.10688529908657074,0.8646814823150635,-0.12798917293548584,0.9142231345176697,-0.08578142523765564,0.8151398301124573,0.7664058208465576,0.7954355478286743,0.9728890061378479,0.9728890061378479,0.7147850394248962,0.8000720143318176,1.1167263984680176,0.7442795634269714
ACM2_MOUSE,pea,C1=CC=C(C=C1)CCN,466,0.30433449149131775,0.870320737361908,0.14499765634536743,0.9572969079017639,0.46367132663726807,0.783344566822052,0.7654509544372559,0.7337866425514221,0.9749224185943604,0.9749224185943604,0.7130830883979797,0.8100350499153137,1.349247694015503,0.8024818897247314
ACM2_MOUSE,ser,C1=CC2=C(C=C1O)C(=CN2)CCN,466,-0.05535101890563965,0.6698645353317261,-0.3203118145465851,0.6464335322380066,0.2096097767353058,0.6932955980300903,0.76593416929245,0.7532424926757812,0.9732806086540222,0.9732806086540222,0.7140975594520569,0.8171648383140564,0.9449960589408875,0.7516983151435852
ACM2_MOUSE,try,C1=CC=C2C(=C1)C(=CN2)CCN,466,0.30476099252700806,0.7159855365753174,0.11663040518760681,0.7762323617935181,0.4928916096687317,0.6557387709617615,0.773399293422699,0.8099706172943115,0.9851182699203491,0.9851182699203491,0.7204695343971252,0.8190597891807556,0.8927668929100037,0.6540060043334961
ACM3_HUMAN,ach,CC(=O)OCC[N+](C)(C)C,590,-1.3580005168914795,0.9860723614692688,-1.3081072568893433,0.9746219515800476,-1.4078936576843262,0.99752277135849,0.722230851650238,0.6455889940261841,0.9798855185508728,0.9798855185508728,0.6578171849250793,0.7656573057174683,2.0515592098236084,0.8377177715301514
ACM3_HUMAN,dop,C1=CC(=C(C=C1CCN)O)O,590,0.18845227360725403,0.6905453205108643,0.08748933672904968,0.7162973284721375,0.2894152104854584,0.6647933125495911,0.7344751358032227,0.6343072056770325,0.9724776148796082,0.9724776148796082,0.6749745011329651,0.7754886746406555,1.972490668296814,0.9826781153678894
ACM3_HUMAN,his,C1=C(NC=N1)CCN,590,-0.17054468393325806,0.8750757575035095,-0.37699320912361145,0.9720718860626221,0.035903848707675934,0.778079628944397,0.7336980104446411,0.6538729071617126,0.9636357426643372,0.9636357426643372,0.6762135624885559,0.7648378610610962,1.9994312524795532,1.1286684274673462
ACM3_HUMAN,pea,C1=CC=C(C=C1)CCN,590,0.5575578808784485,0.8059142827987671,0.5844149589538574,0.9271714687347412,0.5307008028030396,0.6846571564674377,0.735187828540802,0.6565850377082825,0.9662968516349792,0.9662968516349792,0.6774105429649353,0.7662617564201355,1.870945930480957,1.0975728034973145
ACM3_HUMAN,ser,C1=CC2=C(C=C1O)C(=CN2)CCN,590,0.5537804365158081,0.5695708990097046,0.775285542011261,0.7188029885292053,0.332275390625,0.4203387498855591,0.730610728263855,0.6839187741279602,0.9733881950378418,0.9733881950378418,0.6699163317680359,0.776452898979187,1.822389006614685,1.1430317163467407
ACM3_HUMAN,try,C1=CC=C2C(=C1)C(=CN2)CCN,590,0.20630300045013428,0.7419803142547607,0.16187599301338196,0.8668736219406128,0.2507300078868866,0.6170870065689087,0.7263877391815186,0.6550219058990479,0.9674379825592041,0.9674379825592041,0.6661251783370972,0.7733671069145203,1.9655383825302124,1.1572628021240234
ACM3_MOUSE,ach,CC(=O)OCC[N+](C)(C)C,589,-1.3922092914581299,0.9862197637557983,-1.3575266599655151,0.9750341773033142,-1.426891803741455,0.9974053502082825,0.737738847732544,0.7349148392677307,0.9832525253295898,0.9832525253295898,0.6763604283332825,0.7744464874267578,1.458945870399475,0.7356865406036377
ACM3_MOUSE,dop,C1=CC(=C(C=C1CCN)O)O,589,0.25489479303359985,0.6862915754318237,0.10631175339221954,0.7172452211380005,0.40347784757614136,0.6553378701210022,0.7279095649719238,0.7606605291366577,0.9806293249130249,0.9806293249130249,0.6647295951843262,0.7661662101745605,1.3773921728134155,0.8254122734069824
ACM3_MOUSE,his,C1=C(NC=N1)CCN,589,-0.21681976318359375,0.8796848058700562,-0.3978140950202942,0.9777397513389587,-0.035825420171022415,0.7816298604011536,0.7343147993087769,0.6400148272514343,0.9679844975471497,0.9679844975471497,0.6758973598480225,0.7663879990577698,1.9969432353973389,1.0896862745285034
ACM3_MOUSE,pea,C1=CC=C(C=C1)CCN,589,0.4531897008419037,0.8097405433654785,0.5139700174331665,0.9330921769142151,0.39240938425064087,0.6863888502120972,0.7417994141578674,0.636273205280304,0.9701600074768066,0.9701600074768066,0.6847092509269714,0.7754554152488708,2.0568912029266357,1.0810960531234741
ACM3_MOUSE,ser,C1=CC2=C(C=C1O)C(=CN2)CCN,589,0.3959386944770813,0.6583908796310425,0.49724096059799194,0.6729934811592102,0.29463645815849304,0.6437882781028748,0.7294103503227234,0.6500359773635864,0.9669453501701355,0.9669453501701355,0.6700266003608704,0.7823842167854309,1.9540174007415771,1.1129878759384155
ACM3_MOUSE,try,C1=CC=C2C(=C1)C(=CN2)CCN,589,0.173670694231987,0.7412772178649902,0.1315441131591797,0.8602728843688965,0.2157972753047943,0.622281551361084,0.7617807984352112,0.7563470602035522,0.9761765003204346,0.9761765003204346,0.7081818580627441,0.8003475069999695,1.2317049503326416,1.0232046842575073
ACM4_HUMAN,ach,CC(=O)OCC[N+](C)(C)C,479,-1.0066165924072266,0.983234167098999,-1.3557955026626587,0.9707950353622437,-0.6574376225471497,0.9956733584403992,0.7742301821708679,0.7163389325141907,0.9820030331611633,0.9820030331611633,0.7222869396209717,0.7976524233818054,1.535650372505188,0.7376087307929993
ACM4_HUMAN,dop,C1=CC(=C(C=C1CCN)O)O,479,0.05394813418388367,0.6916462779045105,-0.2571365237236023,0.7499874830245972,0.36503279209136963,0.6333050727844238,0.7847223281860352,0.7000094652175903,0.9746469259262085,0.9746469259262085,0.7372411489486694,0.7877347469329834,1.7781075239181519,0.8972854614257812
ACM4_HUMAN,his,C1=C(NC=N1)CCN,479,-0.049692459404468536,0.8663442134857178,-0.2232089340686798,0.9382407665252686,0.12382401525974274,0.794447660446167,0.7851005792617798,0.7293288707733154,0.9714840650558472,0.9714840650558472,0.7385047078132629,0.805806577205658,1.556697130203247,1.0269526243209839
ACM4_HUMAN,pea,C1=CC=C(C=C1)CCN,479,0.15685680508613586,0.849429726600647,0.3337098956108093,0.8972871899604797,-0.019996277987957,0.8015722036361694,0.7922247648239136,0.738290011882782,0.9796933531761169,0.9796933531761169,0.7453575730323792,0.812466025352478,1.4499554634094238,0.996521532535553
ACM4_HUMAN,ser,C1=CC2=C(C=C1O)C(=CN2)CCN,479,0.31842225790023804,0.5617660284042358,0.4883544445037842,0.6283091306686401,0.14849010109901428,0.49522286653518677,0.7779528498649597,0.7608502507209778,0.9790902137756348,0.9790902137756348,0.7276685237884521,0.8178038597106934,1.307767629623413,0.9150357246398926
ACM4_HUMAN,try,C1=CC=C2C(=C1)C(=CN2)CCN,479,0.45812904834747314,0.6797504425048828,0.4025021493434906,0.7926666736602783,0.5137559175491333,0.5668342709541321,0.807154655456543,0.7480146884918213,0.9847877025604248,0.9847877025604248,0.7627463936805725,0.8376021385192871,1.373146414756775,0.9755932688713074
ACM4_MOUSE,ach,CC(=O)OCC[N+](C)(C)C,479,-1.1905372142791748,0.9927445650100708,-1.6584454774856567,0.9894428253173828,-0.7226289510726929,0.9960463643074036,0.7970408201217651,0.7386387586593628,0.98921138048172,0.98921138048172,0.7489981651306152,0.8092806339263916,1.4353008270263672,0.5058246850967407
ACM4_MOUSE,dop,C1=CC(=C(C=C1CCN)O)O,479,0.08687923103570938,0.6489280462265015,-0.1441534012556076,0.7156835794448853,0.31791186332702637,0.5821724534034729,0.7829372882843018,0.7312985062599182,0.9764888286590576,0.9764888286590576,0.7345494031906128,0.7868446111679077,1.3177940845489502,0.8466663956642151
ACM4_MOUSE,his,C1=C(NC=N1)CCN,479,0.26228415966033936,0.8180989027023315,0.28355076909065247,0.8931334614753723,0.24101755023002625,0.7430643439292908,0.8101862072944641,0.7439053058624268,0.9812448024749756,0.9812448024749756,0.7674214839935303,0.8263164758682251,1.3671523332595825,0.7983413934707642
ACM4_MOUSE,pea,C1=CC=C(C=C1)CCN,479,0.47276121377944946,0.8265360593795776,0.3836922347545624,0.9350780844688416,0.5618302226066589,0.7179940938949585,0.8128158450126648,0.8060134053230286,0.9808704853057861,0.9808704853057861,0.7708022594451904,0.8325355648994446,0.8067699074745178,0.7119410037994385
ACM4_MOUSE,ser,C1=CC2=C(C=C1O)C(=CN2)CCN,479,0.3167543411254883,0.6387765407562256,0.12169972062110901,0.6837748885154724,0.5118089318275452,0.593778133392334,0.7883681654930115,0.7337718605995178,0.9739153981208801,0.9739153981208801,0.7419813275337219,0.826945424079895,1.5300103425979614,1.0289925336837769
ACM4_MOUSE,try,C1=CC=C2C(=C1)C(=CN2)CCN,479,0.31153857707977295,0.7068321704864502,0.14723844826221466,0.8407322764396667,0.47583872079849243,0.5729320645332336,0.8096081018447876,0.7461734414100647,0.979367733001709,0.979367733001709,0.7671681642532349,0.8193612694740295,1.443114161491394,0.9557250142097473
ACM5_HUMAN,ach,CC(=O)OCC[N+](C)(C)C,532,-1.1157147884368896,0.9931305646896362,-1.594908595085144,0.9907738566398621,-0.63652104139328,0.9954872727394104,0.7254495024681091,0.6827750205993652,0.9884878396987915,0.9884878396987915,0.6596898436546326,0.752189040184021,1.9693025350570679,0.5545479655265808
ACM5_HUMAN,dop,C1=CC(=C(C=C1CCN)O)O,532,0.14264678955078125,0.4848594069480896,-0.11911510676145554,0.5543933510780334,0.40440869331359863,0.41532549262046814,0.768514096736908,0.7894380688667297,0.9736009240150452,0.9736009240150452,0.7172423601150513,0.7926411032676697,0.5835894346237183,0.7471489906311035
ACM5_HUMAN,his,C1=C(NC=N1)CCN,532,0.30318987369537354,0.8312636613845825,-0.02850896120071411,0.9263947010040283,0.6348887085914612,0.7361326217651367,0.7473234534263611,0.6969479918479919,0.9600918292999268,0.9600918292999268,0.6941313743591309,0.7646163105964661,1.27370285987854,0.9812150597572327
ACM5_HUMAN,pea,C1=CC=C(C=C1)CCN,532,0.4399029314517975,0.8532536029815674,0.5627903342247009,0.8932645320892334,0.31701552867889404,0.8132426738739014,0.7321970462799072,0.83884197473526,0.979473352432251,0.979473352432251,0.6703779697418213,0.7624847292900085,1.0579479932785034,0.8713310956954956
ACM5_HUMAN,ser,C1=CC2=C(C=C1O)C(=CN2)CCN,532,0.5637819170951843,0.5293266773223877,0.6078956723213196,0.6307615041732788,0.5196681618690491,0.42789191007614136,0.7492579817771912,0.6702067852020264,0.9732165932655334,0.9732165932655334,0.6932682991027832,0.7986053824424744,1.5480021238327026,0.9999623894691467
ACM5_HUMAN,try,C1=CC=C2C(=C1)C(=CN2)CCN,532,0.1357404589653015,0.7597550749778748,0.1750207245349884,0.8823164701461792,0.09646017849445343,0.6371936798095703,0.7455722093582153,0.7678186893463135,0.975429892539978,0.975429892539978,0.6881077289581299,0.764994740486145,0.6848143935203552,0.7882790565490723
ACM5_MOUSE,ach,CC(=O)OCC[N+](C)(C)C,532,-1.3297815322875977,0.9944554567337036,-1.617536187171936,0.9926093220710754,-1.0420267581939697,0.996301531791687,0.7339281439781189,0.6447932720184326,0.9759573936462402,0.9759573936462402,0.6734208464622498,0.770515501499176,2.1258952617645264,0.8510791659355164
ACM5_MOUSE,dop,C1=CC(=C(C=C1CCN)O)O,532,0.271135151386261,0.6584501266479492,0.03148932754993439,0.6236565113067627,0.5107809901237488,0.693243682384491,0.758576512336731,0.7167848348617554,0.9750289916992188,0.9750289916992188,0.7044633626937866,0.7879858613014221,1.3282616138458252,1.0012260675430298
ACM5_MOUSE,his,C1=C(NC=N1)CCN,532,0.27259308099746704,0.8196660876274109,-0.013674911111593246,0.9184022545814514,0.5588610768318176,0.7209299206733704,0.7427113652229309,0.6958186030387878,0.9473199248313904,0.9473199248313904,0.6915591955184937,0.7769804000854492,1.8466906547546387,1.286169409751892
ACM5_MOUSE,pea,C1=CC=C(C=C1)CCN,532,0.5103893280029297,0.8013871908187866,0.5099554657936096,0.9089113473892212,0.510823130607605,0.6938629746437073,0.7829537987709045,0.7925155758857727,0.9745530486106873,0.9745530486106873,0.7350539565086365,0.8153095841407776,0.8684118390083313,0.9352766871452332
ACM5_MOUSE,ser,C1=CC2=C(C=C1O)C(=CN2)CCN,532,0.48812317848205566,0.6636258959770203,0.5707638263702393,0.721978485584259,0.40548253059387207,0.6052733063697815,0.7331233024597168,0.7538947463035583,0.9603257179260254,0.9603257179260254,0.6763226985931396,0.7819086909294128,1.4605668783187866,1.2141382694244385
ACM5_MOUSE,try,C1=CC=C2C(=C1)C(=CN2)CCN,532,0.12321268022060394,0.7534871101379395,-0.114198237657547,0.8968594670295715,0.3606235980987549,0.6101148128509521,0.7607421875,0.7809681296348572,0.9765437841415405,0.9765437841415405,0.7067918181419373,0.8031363487243652,1.3175115585327148,1.1592592000961304
DRD2_HUMAN,ach,CC(=O)OCC[N+](C)(C)C,443,0.9523684978485107,0.7692189812660217,0.5497530698776245,0.608604907989502,1.354983925819397,0.9298330545425415,0.7790508270263672,0.8547290563583374,0.9693500995635986,0.9693500995635986,0.7314760088920593,0.8109811544418335,0.7736708521842957,0.7481809258460999
DRD2_HUMAN,dop,C1=CC(=C(C=C1CCN)O)O,443,-1.9243959188461304,0.9964929223060608,-1.75007963180542,0.9997501969337463,-2.098712205886841,0.9932356476783752,0.7971269488334656,0.8557707071304321,0.9897077679634094,0.9897077679634094,0.7489817142486572,0.8303971290588379,0.5390991568565369,0.45302483439445496
DRD2_HUMAN,his,C1=C(NC=N1)CCN,443,-0.038885682821273804,0.921891450881958,-0.4203560948371887,0.9554347395896912,0.3425847291946411,0.8883481025695801,0.7620238661766052,0.7266935110092163,0.9610816240310669,0.9610816240310669,0.7122594118118286,0.7630637288093567,1.3756464719772339,0.9806100130081177
DRD2_HUMAN,pea,C1=CC=C(C=C1)CCN,443,-0.49347150325775146,0.9285789132118225,-0.4835786521434784,0.9540998339653015,-0.5033643245697021,0.9030579924583435,0.7583851218223572,0.8087753653526306,0.9868189692497253,0.9868189692497253,0.7012766599655151,0.7840330004692078,0.9406383633613586,0.5109028220176697
DRD2_HUMAN,ser,C1=CC2=C(C=C1O)C(=CN2)CCN,443,-1.8178961277008057,0.9889044761657715,-1.4529155492782593,0.994692862033844,-2.1828768253326416,0.983116090297699,0.7754673361778259,0.8126875758171082,0.9840077757835388,0.9840077757835388,0.7233322262763977,0.8033296465873718,0.8928530216217041,0.5339644551277161
DRD2_HUMAN,try,C1=CC=C2C(=C1)C(=CN2)CCN,443,-0.43297019600868225,0.8936123847961426,-0.6901861429214478,0.90439772605896,-0.17575423419475555,0.88282710313797,0.7695623636245728,0.793957531452179,0.9849518537521362,0.9849518537521362,0.7157149314880371,0.8034090995788574,0.9572396874427795,0.5931900143623352
DRD3_HUMAN,ach,CC(=O)OCC[N+](C)(C)C,400,0.7962458729743958,0.7630623579025269,0.22300633788108826,0.6128384470939636,1.3694853782653809,0.9132863283157349,0.9057242274284363,0.877850353717804,0.9836886525154114,0.9836886525154114,0.8862330913543701,0.9191042184829712,0.4728909432888031,0.506538450717926
DRD3_HUMAN,dop,C1=CC(=C(C=C1CCN)O)O,400,-2.3929266929626465,0.9977692365646362,-2.201019287109375,0.9999716281890869,-2.584834337234497,0.9955667853355408,0.9071755409240723,0.8835673332214355,0.9938670992851257,0.9938670992851257,0.8855026364326477,0.9297245740890503,0.45138081908226013,0.3445395529270172
DRD3_HUMAN,his,C1=C(NC=N1)CCN,400,0.21302740275859833,0.8961875438690186,-0.05650952085852623,0.9518573880195618,0.4825643301010132,0.8405176401138306,0.9036430716514587,0.8627777099609375,0.9892122745513916,0.9892122745513916,0.8822506666183472,0.918457567691803,0.5154308080673218,0.4358269274234772
DRD3_HUMAN,pea,C1=CC=C(C=C1)CCN,400,-0.42641106247901917,0.9219666719436646,-0.7119810581207275,0.9847862124443054,-0.1408410668373108,0.8591471314430237,0.9107641577720642,0.8800883293151855,0.9921907782554626,0.9921907782554626,0.8904074430465698,0.9279599785804749,0.47379180788993835,0.38358184695243835
DRD3_HUMAN,ser,C1=CC2=C(C=C1O)C(=CN2)CCN,400,-1.943192958831787,0.9816000461578369,-1.5476561784744263,0.9909652471542358,-2.3387298583984375,0.9722349047660828,0.9024400115013123,0.8700156807899475,0.9911522269248962,0.9911522269248962,0.8802619576454163,0.9246442914009094,0.5034545660018921,0.386602520942688
DRD3_HUMAN,try,C1=CC=C2C(=C1)C(=CN2)CCN,400,-1.024306297302246,0.8958019614219666,-1.0974969863891602,0.906917154788971,-0.9511154890060425,0.8846867680549622,0.8983085751533508,0.8833732008934021,0.9933686256408691,0.9933686256408691,0.8745434880256653,0.9192588925361633,0.44113337993621826,0.353216290473938
DRD4_HUMAN,ach,CC(=O)OCC[N+](C)(C)C,419,0.9588510990142822,0.671911895275116,-0.07285040616989136,0.5033379197120667,1.990552544593811,0.8404858708381653,0.787911593914032,0.7431093454360962,0.9278342723846436,0.9278342723846436,0.7529309391975403,0.8312137722969055,1.20186185836792,1.176847219467163
DRD4_HUMAN,dop,C1=CC(=C(C=C1CCN)O)O,419,-2.079045534133911,0.9931672811508179,-2.1105427742004395,0.9999693632125854,-2.047548294067383,0.9863651990890503,0.773567259311676,0.7593943476676941,0.986572265625,0.986572265625,0.7203159928321838,0.810793399810791,1.1988742351531982,0.6382570862770081
DRD4_HUMAN,his,C1=C(NC=N1)CCN,419,0.18141832947731018,0.8419967889785767,-0.005271431058645248,0.9422987103462219,0.3681080937385559,0.7416949272155762,0.8005291819572449,0.7742583751678467,0.98541259765625,0.98541259765625,0.7543083429336548,0.8414568901062012,1.0751084089279175,0.6283236145973206
DRD4_HUMAN,pea,C1=CC=C(C=C1)CCN,419,-0.624991774559021,0.8690716028213501,-0.9497562646865845,0.9609387516975403,-0.3002273440361023,0.7772044539451599,0.7953915596008301,0.7543989419937134,0.9889554977416992,0.9889554977416992,0.7470005750656128,0.8416568636894226,1.1479346752166748,0.5678480267524719
DRD4_HUMAN,ser,C1=CC2=C(C=C1O)C(=CN2)CCN,419,-1.917612075805664,0.967332124710083,-1.9165232181549072,0.9851625561714172,-1.9187010526657104,0.9495017528533936,0.787881076335907,0.8506724238395691,0.9888712167739868,0.9888712167739868,0.7376335859298706,0.8469706177711487,0.801412045955658,0.5273336172103882
DRD4_HUMAN,try,C1=CC=C2C(=C1)C(=CN2)CCN,419,-1.0363086462020874,0.9060244560241699,-1.2137144804000854,0.9328873753547668,-0.8589028120040894,0.879161536693573,0.7990466356277466,0.7573015689849854,0.987626850605011,0.987626850605011,0.7519015669822693,0.8593354821205139,1.156907558441162,0.5538230538368225
HRH1_HUMAN,ach,CC(=O)OCC[N+](C)(C)C,487,-0.6579095125198364,0.9743409752845764,-1.1590895652770996,0.9646592140197754,-0.15672945976257324,0.9840227365493774,0.7100882530212402,0.7445598244667053,0.9789010286331177,0.9789010286331177,0.6428850293159485,0.7437722086906433,1.4352824687957764,0.6624251008033752
HRH1_HUMAN,dop,C1=CC(=C(C=C1CCN)O)O,487,-0.6280379295349121,0.6397427320480347,-0.8039131164550781,0.7010367512702942,-0.45216280221939087,0.5784487128257751,0.7054619789123535,0.9118176698684692,0.9825908541679382,0.9825908541679382,0.6361797451972961,0.7289997339248657,0.569670557975769,0.5709766149520874
HRH1_HUMAN,his,C1=C(NC=N1)CCN,487,0.21522456407546997,0.7956834435462952,0.5291401147842407,0.8898128271102905,-0.09869098663330078,0.7015540599822998,0.7168275713920593,0.91634601354599,0.9792989492416382,0.9792989492416382,0.6512097716331482,0.7384223937988281,0.5661693215370178,0.6215240955352783
HRH1_HUMAN,pea,C1=CC=C(C=C1)CCN,487,-0.10148917883634567,0.8978999853134155,0.06625325977802277,0.9801579117774963,-0.2692316174507141,0.8156420588493347,0.7057698965072632,0.6966294646263123,0.9796688556671143,0.9796688556671143,0.637295126914978,0.7428355813026428,1.6957409381866455,0.6721314787864685
HRH1_HUMAN,ser,C1=CC2=C(C=C1O)C(=CN2)CCN,487,-0.8874807953834534,0.8416681885719299,-0.7560336589813232,0.9346932172775269,-1.0189279317855835,0.748643159866333,0.7101721167564392,0.8557128310203552,0.9864255785942078,0.9864255785942078,0.6411087512969971,0.7415728569030762,0.8997639417648315,0.48427698016166687
HRH1_HUMAN,try,C1=CC=C2C(=C1)C(=CN2)CCN,487,-0.1108846664428711,0.7801936268806458,-0.6927167773246765,0.945809543132782,0.4709474444389343,0.6145777106285095,0.7194018959999084,0.8410375714302063,0.9876107573509216,0.9876107573509216,0.6523496508598328,0.7692682147026062,0.9588145017623901,0.507622241973877
HRH1_MOUSE,ach,CC(=O)OCC[N+](C)(C)C,488,-0.2214696705341339,0.93156898021698,-0.9505714774131775,0.9034978747367859,0.5076321363449097,0.9596401453018188,0.6998740434646606,0.7943753600120544,0.9636606574058533,0.9636606574058533,0.6339273452758789,0.7402918338775635,1.1906007528305054,0.8684477806091309
HRH1_MOUSE,dop,C1=CC(=C(C=C1CCN)O)O,488,-0.7641797065734863,0.7765784859657288,-0.5668277144432068,0.769972026348114,-0.9615316987037659,0.7831849455833435,0.7065593004226685,0.6836863160133362,0.9678858518600464,0.9678858518600464,0.641227662563324,0.7503822445869446,1.703351378440857,0.963703453540802
HRH1_MOUSE,his,C1=C(NC=N1)CCN,488,-0.3278394043445587,0.8446732759475708,-0.11715631186962128,0.8896627426147461,-0.538522481918335,0.7996838092803955,0.7070462107658386,0.6868301033973694,0.9743391871452332,0.9743391871452332,0.64022296667099,0.7320702075958252,1.6336983442306519,0.8116193413734436
HRH1_MOUSE,pea,C1=CC=C(C=C1)CCN,488,-0.2757932245731354,0.9018650054931641,-0.049804408103227615,0.9537433981895447,-0.5017820596694946,0.8499866127967834,0.7170592546463013,0.7892822027206421,0.973929762840271,0.973929762840271,0.6528416275978088,0.7322289943695068,1.1772600412368774,0.9034447073936462
HRH1_MOUSE,ser,C1=CC2=C(C=C1O)C(=CN2)CCN,488,-0.9868303537368774,0.8331058025360107,-0.8396309018135071,0.908318281173706,-1.1340298652648926,0.7578932642936707,0.7086906433105469,0.765138566493988,0.9819608926773071,0.9819608926773071,0.6403730511665344,0.7480508089065552,1.2826018333435059,0.6664444208145142
HRH1_MOUSE,try,C1=CC=C2C(=C1)C(=CN2)CCN,488,-0.7978891730308533,0.8496700525283813,-1.2797585725784302,0.9751992225646973,-0.31601980328559875,0.7241408824920654,0.7070258259773254,0.7105695009231567,0.9867221117019653,0.9867221117019653,0.6371017098426819,0.7548078894615173,1.545293927192688,0.5992556214332581
HRH2_HUMAN,ach,CC(=O)OCC[N+](C)(C)C,359,0.30239611864089966,0.606124997138977,-0.37366241216659546,0.48795583844184875,0.9784546494483948,0.724294126033783,0.8663795590400696,0.855573296546936,0.9506593942642212,0.9506593942642212,0.8453096151351929,0.893684446811676,0.7888457179069519,0.7965037822723389
HRH2_HUMAN,dop,C1=CC(=C(C=C1CCN)O)O,359,-0.8856397867202759,0.8983257412910461,-1.1655019521713257,0.9529127478599548,-0.6057776808738708,0.8437387347221375,0.8895180821418762,0.9254828095436096,0.9752342104911804,0.9752342104911804,0.8680890798568726,0.913164496421814,0.46327462792396545,0.49916893243789673
HRH2_HUMAN,his,C1=C(NC=N1)CCN,359,-0.42279428243637085,0.9452366232872009,-0.5670595169067383,0.9927884936332703,-0.2785290479660034,0.8976847529411316,0.8743444681167603,0.9172795414924622,0.9853574633598328,0.9853574633598328,0.8465912342071533,0.9036744236946106,0.4950096011161804,0.44417792558670044
HRH2_HUMAN,pea,C1=CC=C(C=C1)CCN,359,-0.22087545692920685,0.8722214698791504,0.006841372698545456,0.9265050292015076,-0.44859227538108826,0.8179378509521484,0.8657132983207703,0.8699634671211243,0.9750238060951233,0.9750238060951233,0.8383857011795044,0.8960689902305603,0.7425829172134399,0.6044426560401917
HRH2_HUMAN,ser,C1=CC2=C(C=C1O)C(=CN2)CCN,359,-0.12316998839378357,0.5118569135665894,0.01452801376581192,0.5539923906326294,-0.26086798310279846,0.4697214961051941,0.8535276651382446,0.8496038913726807,0.9606509208679199,0.9606509208679199,0.8267467617988586,0.8905900716781616,0.8167775869369507,0.6673873066902161
HRH2_HUMAN,try,C1=CC=C2C(=C1)C(=CN2)CCN,359,-0.21936357021331787,0.800804615020752,-0.8575766086578369,0.9220766425132751,0.41884946823120117,0.6795325875282288,0.8638889193534851,0.8922070860862732,0.9671949148178101,0.9671949148178101,0.8380624651908875,0.8934775590896606,0.6133939027786255,0.5981911420822144
HRH2_MOUSE,ach,CC(=O)OCC[N+](C)(C)C,397,0.3066202998161316,0.459701269865036,-0.1654345542192459,0.2992249131202698,0.7786751389503479,0.6201776266098022,0.7943314909934998,0.7927665114402771,0.9470665454864502,0.9470665454864502,0.7561476826667786,0.8411954045295715,1.1520953178405762,0.9068282842636108
HRH2_MOUSE,dop,C1=CC(=C(C=C1CCN)O)O,397,-0.7694650888442993,0.8930568695068359,-0.5922338366508484,0.9204866290092468,-0.946696400642395,0.865627110004425,0.8075580596923828,0.8589460253715515,0.9820098876953125,0.9820098876953125,0.7639450430870056,0.8623794913291931,0.8275101184844971,0.5035529732704163
HRH2_MOUSE,his,C1=C(NC=N1)CCN,397,-0.38084277510643005,0.9048655033111572,-0.2897430658340454,0.956478476524353,-0.4719424843788147,0.8532525897026062,0.7991172671318054,0.939951479434967,0.9872807264328003,0.9872807264328003,0.7520763874053955,0.8409984707832336,0.45467156171798706,0.43994754552841187
HRH2_MOUSE,pea,C1=CC=C(C=C1)CCN,397,-0.22629010677337646,0.7654883861541748,0.10050022602081299,0.8099433183670044,-0.5530804395675659,0.72103351354599,0.8163442015647888,0.970802366733551,0.9749962687492371,0.9749962687492371,0.7766811847686768,0.8501794338226318,0.3212556540966034,0.5391700267791748
HRH2_MOUSE,ser,C1=CC2=C(C=C1O)C(=CN2)CCN,397,0.05848284065723419,0.5551034212112427,-0.2306952178478241,0.6807826161384583,0.3476608991622925,0.4294242262840271,0.7957038283348083,0.8914193511009216,0.962372362613678,0.962372362613678,0.7540367245674133,0.8477357029914856,0.6727766394615173,0.6711498498916626
HRH2_MOUSE,try,C1=CC=C2C(=C1)C(=CN2)CCN,397,-0.08125819265842438,0.7067438364028931,-0.51680988073349,0.8766106367111206,0.35429349541664124,0.5368769764900208,0.8011677861213684,0.9281402826309204,0.981636643409729,0.981636643409729,0.7560505270957947,0.8510662913322449,0.4906455874443054,0.4831279516220093
HRH3_HUMAN,ach,CC(=O)OCC[N+](C)(C)C,445,-0.352230042219162,0.933843731880188,-0.864836573600769,0.8846004605293274,0.16037648916244507,0.9830870628356934,0.7988189458847046,0.9566617608070374,0.9896572232246399,0.9896572232246399,0.7511093616485596,0.8321940898895264,0.3774219751358032,0.4434775114059448
HRH3_HUMAN,dop,C1=CC(=C(C=C1CCN)O)O,445,-1.0281031131744385,0.6929452419281006,-1.4624431133270264,0.7063009142875671,-0.5937630534172058,0.679589569568634,0.7944192886352539,0.9128842353820801,0.973942756652832,0.973942756652832,0.7495384216308594,0.8157355785369873,0.6228717565536499,0.7264277338981628
HRH3_HUMAN,his,C1=C(NC=N1)CCN,445,-2.285645008087158,0.9898420572280884,-2.27034854888916,0.9999669790267944,-2.3009414672851562,0.9797171950340271,0.7921778559684753,0.796813428401947,0.9731987118721008,0.9731987118721008,0.7469226717948914,0.8159883618354797,1.2043962478637695,0.7705765962600708
HRH3_HUMAN,pea,C1=CC=C(C=C1)CCN,445,-0.42592453956604004,0.8831175565719604,-0.15879890322685242,0.9387814998626709,-0.69305020570755,0.82745361328125,0.8003932237625122,0.9581108689308167,0.9870519638061523,0.9870519638061523,0.7537285089492798,0.8239143490791321,0.3851349949836731,0.5774608850479126
HRH3_HUMAN,ser,C1=CC2=C(C=C1O)C(=CN2)CCN,445,0.25617316365242004,0.3014054596424103,0.30113130807876587,0.39703696966171265,0.21121501922607422,0.20577393472194672,0.7905845046043396,0.8779914975166321,0.9666956663131714,0.9666956663131714,0.7465566992759705,0.8181859254837036,0.7855232357978821,1.1430888175964355
HRH3_HUMAN,try,C1=CC=C2C(=C1)C(=CN2)CCN,445,0.001469239592552185,0.5830220580101013,0.2873579263687134,0.7701144814491272,-0.284419447183609,0.3959296643733978,0.7981177568435669,0.8656073808670044,0.9678776264190674,0.9678776264190674,0.7556777596473694,0.8337584733963013,0.8412138223648071,0.8025452494621277
HRH3_MOUSE,ach,CC(=O)OCC[N+](C)(C)C,445,-0.5099692940711975,0.9518159627914429,-1.0768667459487915,0.9213752746582031,0.05692819505929947,0.9822567105293274,0.7946341633796692,0.8167905211448669,0.9873046875,0.9873046875,0.7464665174484253,0.8254950046539307,1.1356730461120605,0.5487383008003235
HRH3_MOUSE,dop,C1=CC(=C(C=C1CCN)O)O,445,-1.0790120363235474,0.7139948606491089,-1.3522635698318481,0.6672479510307312,-0.8057604432106018,0.7607417106628418,0.771278977394104,0.8995662927627563,0.9755710363388062,0.9755710363388062,0.7202059030532837,0.7619480490684509,0.7712190747261047,1.0537523031234741
HRH3_MOUSE,his,C1=C(NC=N1)CCN,445,-2.223538398742676,0.9880391359329224,-2.3195314407348633,0.9999868869781494,-2.1275455951690674,0.9760913252830505,0.7828373908996582,0.9191077947616577,0.984810471534729,0.984810471534729,0.7323441505432129,0.7933541536331177,0.6054033041000366,0.5493962168693542
HRH3_MOUSE,pea,C1=CC=C(C=C1)CCN,445,-0.49882715940475464,0.8824220895767212,-0.07839532196521759,0.9285929799079895,-0.9192590117454529,0.8362512588500977,0.791190505027771,0.9547062516212463,0.9881556034088135,0.9881556034088135,0.741949200630188,0.8103649020195007,0.4093516170978546,0.6388475894927979
HRH3_MOUSE,ser,C1=CC2=C(C=C1O)C(=CN2)CCN,445,0.09477818012237549,0.4641689360141754,0.26197969913482666,0.5949795246124268,-0.07242333889007568,0.3333583474159241,0.7874615788459778,0.9321681261062622,0.9589587450027466,0.9589587450027466,0.7445873022079468,0.814789891242981,0.5507251024246216,1.1292955875396729
HRH3_MOUSE,try,C1=CC=C2C(=C1)C(=CN2)CCN,445,0.0461236834526062,0.6507047414779663,0.48778635263442993,0.7353105545043945,-0.39553898572921753,0.5660989880561829,0.7859946489334106,0.8166385889053345,0.9633456468582153,0.9633456468582153,0.7416568398475647,0.8152942061424255,1.145442247390747,1.0460275411605835
HRH4_HUMAN,ach,CC(=O)OCC[N+](C)(C)C,390,0.40544337034225464,0.7809261083602905,0.0796942189335823,0.6493224501609802,0.7311925292015076,0.9125297665596008,0.7965518236160278,0.9206954836845398,0.9806050658226013,0.9806050658226013,0.7505384683609009,0.8129935264587402,0.46487969160079956,0.5128090381622314
HRH4_HUMAN,dop,C1=CC(=C(C=C1CCN)O)O,390,-1.3642117977142334,0.8868881464004517,-1.502611517906189,0.9719876050949097,-1.2258119583129883,0.8017886877059937,0.786230206489563,0.9374403953552246,0.9666918516159058,0.9666918516159058,0.7411147356033325,0.7449509501457214,0.4277552366256714,0.757621169090271
HRH4_HUMAN,his,C1=C(NC=N1)CCN,390,-1.9511072635650635,0.9864383935928345,-1.709901213645935,0.9998080134391785,-2.1923134326934814,0.9730687737464905,0.8246516585350037,0.8933919072151184,0.9754313230514526,0.9754313230514526,0.7869567275047302,0.8354045748710632,0.5593418478965759,0.5763946771621704
HRH4_HUMAN,pea,C1=CC=C(C=C1)CCN,390,0.11326518654823303,0.8392829895019531,0.5967298746109009,0.8948234915733337,-0.3701995015144348,0.7837425470352173,0.796909511089325,0.9247185587882996,0.9759505987167358,0.9759505987167358,0.752149224281311,0.7964990139007568,0.4807404577732086,0.6149577498435974
HRH4_HUMAN,ser,C1=CC2=C(C=C1O)C(=CN2)CCN,390,-0.11183261126279831,0.6550548076629639,0.20592649281024933,0.835845410823822,-0.42959171533584595,0.4742642641067505,0.809007465839386,0.8909229040145874,0.9697883725166321,0.9697883725166321,0.7688121795654297,0.8007731437683105,0.4446515440940857,0.7263239026069641
HRH4_HUMAN,try,C1=CC=C2C(=C1)C(=CN2)CCN,390,0.07310956716537476,0.707629919052124,0.4291478991508484,0.8571133613586426,-0.2829287648200989,0.5581464171409607,0.8096429705619812,0.9521410465240479,0.979541540145874,0.979541540145874,0.767168402671814,0.7961522340774536,0.36143267154693604,0.5177850127220154
HRH4_MOUSE,ach,CC(=O)OCC[N+](C)(C)C,391,0.34823450446128845,0.846282958984375,-0.6292770504951477,0.7662784457206726,1.3257460594177246,0.9262874126434326,0.8364598155021667,0.8406713008880615,0.9617587327957153,0.9617587327957153,0.8051351308822632,0.8343430161476135,0.7240926027297974,0.784986138343811
HRH4_MOUSE,dop,C1=CC(=C(C=C1CCN)O)O,391,-1.3306466341018677,0.934750497341156,-1.7235690355300903,0.9950605034828186,-0.9377242922782898,0.8744404911994934,0.8275627493858337,0.8794141411781311,0.9798030853271484,0.9798030853271484,0.7895026803016663,0.7792801856994629,0.4793244004249573,0.6405444741249084
HRH4_MOUSE,his,C1=C(NC=N1)CCN,391,-1.819227695465088,0.9826064109802246,-1.765814185142517,0.9999884366989136,-1.8726410865783691,0.9652243852615356,0.8409250378608704,0.8877809643745422,0.9788745641708374,0.9788745641708374,0.806437611579895,0.8331676125526428,0.4623502194881439,0.5695606470108032
HRH4_MOUSE,pea,C1=CC=C(C=C1)CCN,391,0.4288588762283325,0.7516574859619141,0.855317234992981,0.9084682464599609,0.0024005286395549774,0.5948467254638672,0.8258763551712036,0.9124075174331665,0.9637927412986755,0.9637927412986755,0.7913972735404968,0.8048292398452759,0.4526028037071228,0.7520323395729065
HRH4_MOUSE,ser,C1=CC2=C(C=C1O)C(=CN2)CCN,391,-0.5947583913803101,0.7306686639785767,-0.44102776050567627,0.894962728023529,-0.7484889626502991,0.5663745999336243,0.8093212246894836,0.8639084696769714,0.9480754137039185,0.9480754137039185,0.7746326923370361,0.7797679901123047,0.608573317527771,0.9975907802581787
HRH4_MOUSE,try,C1=CC=C2C(=C1)C(=CN2)CCN,391,0.2752814292907715,0.6732612252235413,0.31652846932411194,0.871069073677063,0.23403435945510864,0.47545334696769714,0.8309482932090759,0.8962618112564087,0.9654795527458191,0.9654795527458191,0.7973154187202454,0.8121965527534485,0.49079832434654236,0.7558730840682983
MneR,ach,CC(=O)OCC[N+](C)(C)C,334,2.168715000152588,0.22868549823760986,1.5322703123092651,0.2683097720146179,2.805159568786621,0.1890612095594406,0.6455122828483582,0.8522006869316101,0.7064871788024902,0.7064871788024902,0.6302685141563416,0.46114832162857056,0.7550691962242126,5.83290958404541
MneR,dop,C1=CC(=C(C=C1CCN)O)O,334,2.0731215476989746,0.09951339662075043,1.7765305042266846,0.06502009183168411,2.3697128295898438,0.13400670886039734,0.6520856022834778,0.6678627133369446,0.7985021471977234,0.7985021471977234,0.615481436252594,0.5242933034896851,1.664781928062439,3.4305217266082764
MneR,his,C1=C(NC=N1)CCN,334,1.0291632413864136,0.1573600471019745,0.5566707849502563,0.06663490831851959,1.5016556978225708,0.24808520078659058,0.6907340884208679,0.8632937669754028,0.8397600054740906,0.8397600054740906,0.6534776091575623,0.5668050050735474,0.5750808119773865,2.5886030197143555
MneR,pea,C1=CC=C(C=C1)CCN,334,2.3241443634033203,0.12465366721153259,2.303647994995117,0.150386244058609,2.3446409702301025,0.09892109781503677,0.6808552145957947,0.8950706124305725,0.8854987025260925,0.8854987025260925,0.6296943426132202,0.574832022190094,0.49711763858795166,1.863600730895996
MneR,ser,C1=CC2=C(C=C1O)C(=CN2)CCN,334,1.9939899444580078,0.14273154735565186,2.3413243293762207,0.11685795336961746,1.646655559539795,0.16860513389110565,0.6643698215484619,0.9203439354896545,0.8698801398277283,0.8698801398277283,0.6129922270774841,0.5071447491645813,0.4940347671508789,1.7437089681625366
MneR,try,C1=CC=C2C(=C1)C(=CN2)CCN,334,1.567946195602417,0.15882235765457153,1.4694644212722778,0.1277625858783722,1.6664280891418457,0.18988212943077087,0.7095222473144531,0.8397775292396545,0.9107723236083984,0.9107723236083984,0.6592097282409668,0.6207399964332581,0.6868517398834229,1.6621530055999756
Q9VHW1_DROME,ach,CC(=O)OCC[N+](C)(C)C,1019,-1.3612632751464844,0.9976608753204346,-2.057847023010254,0.9987382292747498,-0.6646794080734253,0.9965835809707642,0.5977861285209656,0.48030897974967957,0.9765726327896118,0.9765726327896118,0.5030894875526428,0.6061317324638367,4.037524700164795,1.1381722688674927
Q9VHW1_DROME,dop,C1=CC(=C(C=C1CCN)O)O,1019,-0.5294661521911621,0.8157784342765808,-0.7311897873878479,0.8288453817367554,-0.32774248719215393,0.8027114868164062,0.5924696326255798,0.4578561782836914,0.9637671709060669,0.9637671709060669,0.4996451735496521,0.6024331450462341,4.103476047515869,1.5155526399612427
Q9VHW1_DROME,his,C1=C(NC=N1)CCN,1019,-0.5990460515022278,0.9098911881446838,-0.7141730785369873,0.9862093329429626,-0.48391902446746826,0.833573043346405,0.5920698046684265,0.45646825432777405,0.960999071598053,0.960999071598053,0.4998375177383423,0.5905409455299377,4.184682846069336,1.6012723445892334
Q9VHW1_DROME,pea,C1=CC=C(C=C1)CCN,1019,-0.2146902084350586,0.933245062828064,-0.17810814082622528,0.992199718952179,-0.2512722611427307,0.8742903470993042,0.5982733368873596,0.48788943886756897,0.9691872596740723,0.9691872596740723,0.5055448412895203,0.599025309085846,3.8819844722747803,1.329897165298462
Q9VHW1_DROME,ser,C1=CC2=C(C=C1O)C(=CN2)CCN,1019,-0.06683158874511719,0.7275118827819824,0.07700744271278381,0.7559707164764404,-0.2106706202030182,0.6990531086921692,0.5919324159622192,0.4632149338722229,0.9513601064682007,0.9513601064682007,0.5020754337310791,0.6058995127677917,4.08271598815918,1.763861894607544
Q9VHW1_DROME,try,C1=CC=C2C(=C1)C(=CN2)CCN,1019,-0.4184856116771698,0.8452221155166626,-0.5407620072364807,0.9180001020431519,-0.2962092161178589,0.7724441289901733,0.5959583520889282,0.45608463883399963,0.966605544090271,0.966605544090271,0.5032965540885925,0.6070935726165771,4.195852756500244,1.5241774320602417
TriR,ach,CC(=O)OCC[N+](C)(C)C,348,0.6111096739768982,0.20060348510742188,-1.0921837091445923,0.14853745698928833,2.3144030570983887,0.2526695132255554,0.8552268147468567,0.8651800155639648,0.9434425234794617,0.9434425234794617,0.8331729173660278,0.8478667736053467,0.6342503428459167,0.8267794847488403
TriR,dop,C1=CC(=C(C=C1CCN)O)O,348,1.0021836757659912,0.0890556201338768,0.5264025926589966,0.05748942866921425,1.4779646396636963,0.12062180787324905,0.8630400896072388,0.9003139734268188,0.9257205128669739,0.9257205128669739,0.8473699688911438,0.8401733040809631,0.5188581347465515,1.0707660913467407
TriR,his,C1=C(NC=N1)CCN,348,0.8546744585037231,0.20957985520362854,0.30132704973220825,0.13468599319458008,1.4080218076705933,0.284473717212677,0.8508592844009399,0.892739474773407,0.9127070307731628,0.9127070307731628,0.8353973627090454,0.8661872744560242,0.5799505114555359,1.1976765394210815
TriR,pea,C1=CC=C(C=C1)CCN,348,1.828258991241455,0.1539592742919922,2.0067667961120605,0.1406383365392685,1.6497511863708496,0.16728021204471588,0.8682827353477478,0.9119271039962769,0.9450136423110962,0.9450136423110962,0.8490999937057495,0.8745149970054626,0.4847474992275238,0.9102547764778137
TriR,ser,C1=CC2=C(C=C1O)C(=CN2)CCN,348,2.085366725921631,0.12381738424301147,2.0421957969665527,0.12799763679504395,2.128537893295288,0.1196371391415596,0.8623116612434387,0.9125222563743591,0.9372268319129944,0.9372268319129944,0.843582808971405,0.8548051714897156,0.483149915933609,0.8797300457954407
TriR,try,C1=CC=C2C(=C1)C(=CN2)CCN,348,1.6315070390701294,0.16617968678474426,1.479089617729187,0.15935024619102478,1.7839244604110718,0.17300912737846375,0.8567884564399719,0.8553404808044434,0.9185665845870972,0.9185665845870972,0.841343879699707,0.8804600238800049,0.7046189308166504,1.116175651550293
XP_002170550.2,ach,CC(=O)OCC[N+](C)(C)C,359,0.786374568939209,0.5501792430877686,-0.10070210695266724,0.34853631258010864,1.6734511852264404,0.7518222332000732,0.8571526408195496,0.8627927899360657,0.947203516960144,0.947203516960144,0.8346399068832397,0.8450230360031128,0.5242592692375183,0.8103762865066528
XP_002170550.2,dop,C1=CC(=C(C=C1CCN)O)O,359,0.2903195023536682,0.6735725402832031,0.28473538160324097,0.6280116438865662,0.29590362310409546,0.7191334366798401,0.8661489486694336,0.8509745597839355,0.9784242510795593,0.9784242510795593,0.838080108165741,0.8781585693359375,0.5856465101242065,0.5913510322570801
XP_002170550.2,his,C1=C(NC=N1)CCN,359,-0.10018675774335861,0.8450320363044739,-0.3790307343006134,0.9854702949523926,0.17865721881389618,0.7045937776565552,0.8718447685241699,0.8698018789291382,0.9625442624092102,0.9625442624092102,0.8491698503494263,0.8849952220916748,0.5376166105270386,0.7584970593452454
XP_002170550.2,pea,C1=CC=C(C=C1)CCN,359,0.8125911355018616,0.6708306074142456,1.0479644536972046,0.7871496081352234,0.5772178173065186,0.5545116066932678,0.8780218958854675,0.919223964214325,0.9710082411766052,0.9710082411766052,0.8547753691673279,0.8829785585403442,0.40398743748664856,0.687561571598053
XP_002170550.2,ser,C1=CC2=C(C=C1O)C(=CN2)CCN,359,0.4140864312648773,0.533007025718689,0.3099650740623474,0.5588680505752563,0.5182077884674072,0.5071459412574768,0.8580241203308105,0.8806424140930176,0.9540022611618042,0.9540022611618042,0.8340295553207397,0.8493775725364685,0.5111904144287109,0.7672144174575806
XP_002170550.2,try,C1=CC=C2C(=C1)C(=CN2)CCN,359,0.5608367919921875,0.5694817900657654,0.5001486539840698,0.7420691847801208,0.6215248703956604,0.3968944251537323,0.8885920643806458,0.9110821485519409,0.9779744148254395,0.9779744148254395,0.8662464618682861,0.8906161189079285,0.4319789707660675,0.5625854730606079
XP_012554108.1,ach,CC(=O)OCC[N+](C)(C)C,357,-0.14616551995277405,0.08327771723270416,-1.2401952743530273,0.009989297948777676,0.9478642344474792,0.15656614303588867,0.7453842759132385,0.7014265060424805,0.883756160736084,0.883756160736084,0.710791289806366,0.7436807751655579,1.164665699005127,1.510960340499878
XP_012554108.1,dop,C1=CC(=C(C=C1CCN)O)O,357,0.4165972173213959,0.1636887788772583,-0.2959098219871521,0.07525194436311722,1.1291042566299438,0.25212562084198,0.7797828912734985,0.7992685437202454,0.9574828147888184,0.9574828147888184,0.7353578805923462,0.7943670749664307,0.8274723291397095,0.8220009207725525
XP_012554108.1,his,C1=C(NC=N1)CCN,357,0.2410518229007721,0.29403433203697205,0.35570400953292847,0.08928686380386353,0.12639962136745453,0.49878180027008057,0.764051616191864,0.8483929634094238,0.949846088886261,0.949846088886261,0.7176030278205872,0.789067804813385,0.6358393430709839,0.8613831996917725
XP_012554108.1,pea,C1=CC=C(C=C1)CCN,357,1.0804563760757446,0.41236913204193115,1.683336853981018,0.5092479586601257,0.47757598757743835,0.3154902756214142,0.7865212559700012,0.782703161239624,0.9412046670913696,0.9412046670913696,0.7478503584861755,0.810796320438385,0.9260450601577759,1.070055603981018
XP_012554108.1,ser,C1=CC2=C(C=C1O)C(=CN2)CCN,357,0.8376122713088989,0.17242106795310974,0.5113638043403625,0.09597460925579071,1.16386079788208,0.24886751174926758,0.7400223612785339,0.8539389371871948,0.9660326838493347,0.9660326838493347,0.683519721031189,0.6868743300437927,0.5550415515899658,0.6803760528564453
XP_012554108.1,try,C1=CC=C2C(=C1)C(=CN2)CCN,357,1.0155107975006104,0.3477362394332886,1.4407027959823608,0.405224472284317,0.5903187394142151,0.29024800658226013,0.7939293384552002,0.7532963752746582,0.9558866620063782,0.9558866620063782,0.7534400224685669,0.816986620426178,0.7679464817047119,0.8339607119560242
XP_012560064.1,ach,CC(=O)OCC[N+](C)(C)C,385,0.6141416430473328,0.6478447914123535,0.21695533394813538,0.39647573232650757,1.0113279819488525,0.8992138504981995,0.835792064666748,0.8879715204238892,0.9671207666397095,0.9671207666397095,0.8029599189758301,0.8488343358039856,0.49453282356262207,0.651099681854248
XP_012560064.1,dop,C1=CC(=C(C=C1CCN)O)O,385,-0.14880216121673584,0.7878233790397644,-0.07474187016487122,0.7156398296356201,-0.22286245226860046,0.8600069284439087,0.8427287340164185,0.9181520342826843,0.9818493127822876,0.9818493127822876,0.8079485893249512,0.8507765531539917,0.41256430745124817,0.4802325367927551
XP_012560064.1,his,C1=C(NC=N1)CCN,385,0.011548258364200592,0.8136705160140991,0.11308521032333374,0.785663366317749,-0.08998869359493256,0.8416776657104492,0.845636785030365,0.9521096348762512,0.9794405698776245,0.9794405698776245,0.8121858239173889,0.8586530685424805,0.33383476734161377,0.5326941609382629
XP_012560064.1,pea,C1=CC=C(C=C1)CCN,385,0.4316088557243347,0.7418318390846252,1.0564947128295898,0.7869583964347839,-0.1932770311832428,0.6967052817344666,0.8452043533325195,0.9187968969345093,0.9829761981964111,0.9829761981964111,0.8107614517211914,0.8555893898010254,0.4058226943016052,0.5402342677116394
XP_012560064.1,ser,C1=CC2=C(C=C1O)C(=CN2)CCN,385,-0.09217873215675354,0.5087326765060425,0.1915709376335144,0.5755181312561035,-0.3759284019470215,0.44194725155830383,0.8314172625541687,0.8801648020744324,0.9543796181678772,0.9543796181678772,0.8006766438484192,0.8473526835441589,0.520288348197937,0.7168104648590088
XP_012560064.1,try,C1=CC=C2C(=C1)C(=CN2)CCN,385,-0.001556307077407837,0.7257640957832336,0.23224800825119019,0.795966625213623,-0.23536062240600586,0.6555615663528442,0.849244236946106,0.8873432278633118,0.963101863861084,0.963101863861084,0.8207798004150391,0.8694847226142883,0.5045087337493896,0.6590055823326111
XP_012561685.1,ach,CC(=O)OCC[N+](C)(C)C,778,-1.145140528678894,0.9967465400695801,-1.8272478580474854,0.9984340071678162,-0.4630332589149475,0.9950590133666992,0.7165055871009827,0.581139087677002,0.974972665309906,0.974972665309906,0.6518887877464294,0.7339861392974854,1.4268218278884888,0.9778562784194946
XP_012561685.1,dop,C1=CC(=C(C=C1CCN)O)O,778,-1.0446784496307373,0.9300389885902405,-0.8394656181335449,0.9582364559173584,-1.2498912811279297,0.9018415212631226,0.7213449478149414,0.5839090943336487,0.9742715954780579,0.9742715954780579,0.6581133008003235,0.7320441603660583,1.4783985614776611,1.0870524644851685
XP_012561685.1,his,C1=C(NC=N1)CCN,778,-0.5702372193336487,0.9150844812393188,-0.3526591658592224,0.9662718772888184,-0.787815272808075,0.8638971447944641,0.7332058548927307,0.6759899854660034,0.9828100800514221,0.9828100800514221,0.6708047986030579,0.7396081686019897,0.9876916408538818,0.7622669339179993
XP_012561685.1,pea,C1=CC=C(C=C1)CCN,778,-0.44928961992263794,0.936643123626709,0.024779178202152252,0.9675900340080261,-0.9233584403991699,0.9056962728500366,0.7329453825950623,0.5475322604179382,0.9769128561019897,0.9769128561019897,0.6719534993171692,0.7440727949142456,1.7202436923980713,0.9650723338127136
XP_012561685.1,ser,C1=CC2=C(C=C1O)C(=CN2)CCN,778,-0.7015569806098938,0.868232011795044,-0.27441295981407166,0.9092285633087158,-1.1287009716033936,0.8272355198860168,0.7204796671867371,0.6803838014602661,0.9721173048019409,0.9721173048019409,0.6575702428817749,0.7484432458877563,1.1822640895843506,1.0438300371170044
XP_012561685.1,try,C1=CC=C2C(=C1)C(=CN2)CCN,778,-0.8711326122283936,0.9200430512428284,-0.654505729675293,0.9619346857070923,-1.0877594947814941,0.8781514167785645,0.7284916043281555,0.5482592582702637,0.977461576461792,0.977461576461792,0.6662490963935852,0.751763641834259,1.6618750095367432,1.1477916240692139
XP_012561693.1,ach,CC(=O)OCC[N+](C)(C)C,337,1.3101760149002075,0.3004899024963379,0.3077629506587982,0.07671378552913666,2.312589168548584,0.5242660045623779,0.6714186072349548,0.7873333096504211,0.886868953704834,0.886868953704834,0.6175559759140015,0.5918095111846924,1.119433045387268,2.283860683441162
XP_012561693.1,dop,C1=CC(=C(C=C1CCN)O)O,337,0.22731532156467438,0.5279017686843872,0.18490135669708252,0.7337982058525085,0.26972928643226624,0.3220052719116211,0.6752805113792419,0.9222097992897034,0.9430230259895325,0.9430230259895325,0.6083448529243469,0.5376134514808655,0.5382264852523804,1.1128108501434326
XP_012561693.1,his,C1=C(NC=N1)CCN,337,0.9659468531608582,0.304990291595459,1.060968279838562,0.20941270887851715,0.8709254264831543,0.4005678594112396,0.7138866186141968,0.899985134601593,0.9277824759483337,0.9277824759483337,0.660412609577179,0.6305712461471558,0.5794247984886169,1.3336361646652222
XP_012561693.1,pea,C1=CC=C(C=C1)CCN,337,0.7158873081207275,0.6907744407653809,0.8787698745727539,0.913498044013977,0.553004801273346,0.46805086731910706,0.6875235438346863,0.9254488945007324,0.9716967940330505,0.9716967940330505,0.6164802312850952,0.6062811613082886,0.505786657333374,0.7977710962295532
XP_012561693.1,ser,C1=CC2=C(C=C1O)C(=CN2)CCN,337,0.392575204372406,0.4470856785774231,0.3167600929737091,0.625937819480896,0.4683903157711029,0.2682335078716278,0.70648193359375,0.9018824696540833,0.9733086824417114,0.9733086824417114,0.639775276184082,0.5848730802536011,0.4911489188671112,0.6716150641441345
XP_012561693.1,try,C1=CC=C2C(=C1)C(=CN2)CCN,337,0.44359326362609863,0.5790128111839294,0.6978819370269775,0.7812795042991638,0.18930459022521973,0.37674611806869507,0.6437928080558777,0.6499215960502625,0.8801588416099548,0.8801588416099548,0.5847012400627136,0.5665609836578369,1.864822268486023,2.996906280517578
XP_012561731.1,ach,CC(=O)OCC[N+](C)(C)C,361,-1.5071622133255005,0.9981377720832825,-1.9360427856445312,0.9989959597587585,-1.0782816410064697,0.9972795844078064,0.852033257484436,0.9310222864151001,0.9838738441467285,0.9838738441467285,0.8190730214118958,0.8789892196655273,0.5049457550048828,0.5412488579750061
XP_012561731.1,dop,C1=CC(=C(C=C1CCN)O)O,361,-0.816006064414978,0.8429282903671265,-0.8188695907592773,0.9002282619476318,-0.8131425976753235,0.7856283783912659,0.8561863303184509,0.8999003767967224,0.978426456451416,0.978426456451416,0.8256263136863708,0.8743182420730591,0.6112639904022217,0.7601006627082825
XP_012561731.1,his,C1=C(NC=N1)CCN,361,-0.43333926796913147,0.9078574180603027,-0.25507545471191406,0.9591907858848572,-0.6116030812263489,0.8565241098403931,0.8589560389518738,0.9634425640106201,0.9790313839912415,0.9790313839912415,0.8289371728897095,0.8610674738883972,0.3317614793777466,0.5423339605331421
XP_012561731.1,pea,C1=CC=C(C=C1)CCN,361,-0.7079911828041077,0.925813615322113,-0.27887463569641113,0.9638943672180176,-1.1371077299118042,0.8877328634262085,0.853223443031311,0.9084845185279846,0.9825236201286316,0.9825236201286316,0.8208984136581421,0.8710435032844543,0.5650957822799683,0.6760836243629456
XP_012561731.1,ser,C1=CC2=C(C=C1O)C(=CN2)CCN,361,-0.5663447976112366,0.8281980156898499,-0.3016677796840668,0.8988953232765198,-0.8310218453407288,0.7575007081031799,0.849876344203949,0.9214798808097839,0.9725340604782104,0.9725340604782104,0.8192118406295776,0.8331798315048218,0.5660493969917297,0.9257413744926453
XP_012561731.1,try,C1=CC=C2C(=C1)C(=CN2)CCN,361,-0.6604973077774048,0.8810027837753296,-0.3370615839958191,0.9193668365478516,-0.9839330315589905,0.8426386713981628,0.8485995531082153,0.8841534852981567,0.9816968441009521,0.9816968441009521,0.8153252005577087,0.8700541853904724,0.6644048690795898,0.7541804909706116
XP_012561929.1,ach,CC(=O)OCC[N+](C)(C)C,382,1.1419850587844849,0.32079169154167175,-0.033408526331186295,0.07962683588266373,2.3173787593841553,0.561956524848938,0.7765041589736938,0.7858465313911438,0.9203766584396362,0.9203766584396362,0.7405360341072083,0.7919749617576599,1.0418158769607544,1.6995357275009155
XP_012561929.1,dop,C1=CC(=C(C=C1CCN)O)O,382,-0.3484821915626526,0.6621235609054565,-0.5913313627243042,0.7237973213195801,-0.10563303530216217,0.6004498600959778,0.8065826296806335,0.7991194725036621,0.9693065285682678,0.9693065285682678,0.7659016847610474,0.808448314666748,0.9016003012657166,0.9669623970985413
XP_012561929.1,his,C1=C(NC=N1)CCN,382,0.03310461342334747,0.6704447269439697,0.31800180673599243,0.6383949518203735,-0.2517925798892975,0.7024945020675659,0.7657244801521301,0.7432546019554138,0.9284335970878601,0.9284335970878601,0.7250471711158752,0.7759014964103699,1.2717654705047607,1.6101198196411133
XP_012561929.1,pea,C1=CC=C(C=C1)CCN,382,1.0611337423324585,0.43679559230804443,1.5500552654266357,0.5052000284194946,0.572212278842926,0.3683911859989166,0.7691022753715515,0.7539082169532776,0.9189262986183167,0.9189262986183167,0.7316462993621826,0.7885833382606506,1.1734280586242676,1.8039581775665283
XP_012561929.1,ser,C1=CC2=C(C=C1O)C(=CN2)CCN,382,0.35155415534973145,0.2850745618343353,0.18439483642578125,0.3402596116065979,0.5187134742736816,0.22988949716091156,0.7711716294288635,0.785916805267334,0.9463348984718323,0.9463348984718323,0.7273808121681213,0.7906127572059631,1.0234030485153198,1.3252924680709839
XP_012561929.1,try,C1=CC=C2C(=C1)C(=CN2)CCN,382,0.7228922247886658,0.41766512393951416,0.7815662026405334,0.5327985286712646,0.6642182469367981,0.3025316894054413,0.7610742449760437,0.7279723286628723,0.9147589206695557,0.9147589206695557,0.7226530909538269,0.779634952545166,1.305899977684021,1.9896225929260254
XP_012561998.1,ach,CC(=O)OCC[N+](C)(C)C,387,0.16281014680862427,0.6628011465072632,-0.32115787267684937,0.4141191840171814,0.6467781662940979,0.9114830493927002,0.8321876525878906,0.8839368224143982,0.9712011814117432,0.9712011814117432,0.7974343299865723,0.8543949723243713,0.5637027025222778,0.6699873208999634
XP_012561998.1,dop,C1=CC(=C(C=C1CCN)O)O,387,-0.36855822801589966,0.7961524128913879,-0.11438962817192078,0.7538492679595947,-0.6227268576622009,0.8384555578231812,0.8347283601760864,0.822437584400177,0.9831670522689819,0.9831670522689819,0.7976186871528625,0.8610237240791321,0.7440426349639893,0.5549436211585999
XP_012561998.1,his,C1=C(NC=N1)CCN,387,-0.7351663112640381,0.9592101573944092,-0.535858154296875,0.9944451451301575,-0.934474527835846,0.9239751696586609,0.851015567779541,0.8869224190711975,0.9710791707038879,0.9710791707038879,0.8209996223449707,0.8642222881317139,0.5346538424491882,0.6808789372444153
XP_012561998.1,pea,C1=CC=C(C=C1)CCN,387,-0.0586276650428772,0.9049198627471924,0.4270772337913513,0.9423390626907349,-0.5443325638771057,0.8675006628036499,0.8403329849243164,0.8200730681419373,0.9756290912628174,0.9756290912628174,0.8065090179443359,0.862726628780365,0.7839775681495667,0.6700970530509949
XP_012561998.1,ser,C1=CC2=C(C=C1O)C(=CN2)CCN,387,-0.27255791425704956,0.7264374494552612,-0.28363120555877686,0.8635867834091187,-0.26148462295532227,0.5892881751060486,0.830649197101593,0.8685041069984436,0.9770179390907288,0.9770179390907288,0.7940570116043091,0.861300528049469,0.6242665648460388,0.5921604037284851
XP_012561998.1,try,C1=CC=C2C(=C1)C(=CN2)CCN,387,-0.5602864027023315,0.7999585866928101,-0.5580132007598877,0.8981531858444214,-0.5625596642494202,0.701763927936554,0.8472155928611755,0.8756197094917297,0.9852440357208252,0.9852440357208252,0.8127084374427795,0.8778368830680847,0.5112807154655457,0.4920181334018707
XP_012562020.1,ach,CC(=O)OCC[N+](C)(C)C,380,-0.7811001539230347,0.9751855134963989,-1.3607614040374756,0.9647623896598816,-0.20143894851207733,0.9856085777282715,0.8587660193443298,0.8370642066001892,0.975729763507843,0.975729763507843,0.8295250535011292,0.8738864660263062,0.7158753275871277,0.6380588412284851
XP_012562020.1,dop,C1=CC(=C(C=C1CCN)O)O,380,-1.2557843923568726,0.9551049470901489,-1.2202379703521729,0.9666237235069275,-1.2913308143615723,0.9435861110687256,0.8486372232437134,0.8550183773040771,0.9821130633354187,0.9821130633354187,0.8152682185173035,0.8759117126464844,0.6428631544113159,0.5655719041824341
XP_012562020.1,his,C1=C(NC=N1)CCN,380,-0.5776247382164001,0.9327586889266968,-0.5512730479240417,0.9807954430580139,-0.6039764285087585,0.8847219347953796,0.8331018686294556,0.8897786140441895,0.9722169041633606,0.9722169041633606,0.7983230352401733,0.8494436740875244,0.5608415603637695,0.6438964009284973
XP_012562020.1,pea,C1=CC=C(C=C1)CCN,380,0.1810343861579895,0.8628376722335815,0.8552871942520142,0.8981423377990723,-0.49321842193603516,0.827532947063446,0.8477455377578735,0.867684543132782,0.9599141478538513,0.9599141478538513,0.8197033405303955,0.8483185768127441,0.5817159414291382,0.7654158473014832
XP_012562020.1,ser,C1=CC2=C(C=C1O)C(=CN2)CCN,380,-0.9735720157623291,0.8557153940200806,-0.5310937166213989,0.8299986720085144,-1.4160503149032593,0.881432056427002,0.8555418252944946,0.9167100191116333,0.9837877154350281,0.9837877154350281,0.8234803676605225,0.8681873679161072,0.39691072702407837,0.4904553294181824
XP_012562020.1,try,C1=CC=C2C(=C1)C(=CN2)CCN,380,-0.8284565210342407,0.8816074132919312,-0.6387699842453003,0.9296679496765137,-1.0181430578231812,0.8335469365119934,0.8505988121032715,0.8482813239097595,0.9797364473342896,0.9797364473342896,0.8183143734931946,0.8788676261901855,0.6758915185928345,0.6211159825325012
XP_012562068.1,ach,CC(=O)OCC[N+](C)(C)C,296,-0.015265285968780518,0.10277433693408966,-0.7637768387794495,0.012841586954891682,0.7332462668418884,0.1927070915699005,0.8512536287307739,0.8932983875274658,0.9438937902450562,0.9438937902450562,0.8280935883522034,0.8496077060699463,0.4855033755302429,0.7718328237533569
XP_012562068.1,dop,C1=CC(=C(C=C1CCN)O)O,296,-0.35199710726737976,0.47182950377464294,-0.6438997387886047,0.5038778185844421,-0.06009445711970329,0.43978118896484375,0.8732730150222778,0.9267827868461609,0.9733180403709412,0.9733180403709412,0.8482617139816284,0.848607063293457,0.36760786175727844,0.528687059879303
XP_012562068.1,his,C1=C(NC=N1)CCN,296,0.5163400769233704,0.45431917905807495,0.8221677541732788,0.32265928387641907,0.21051239967346191,0.5859790444374084,0.8731972575187683,0.9192599058151245,0.9272132515907288,0.9272132515907288,0.8596932291984558,0.855941653251648,0.39235642552375793,0.8844759464263916
XP_012562068.1,pea,C1=CC=C(C=C1)CCN,296,0.7040403485298157,0.3816322684288025,0.9420291781425476,0.45711714029312134,0.46605154871940613,0.30614739656448364,0.8648561835289001,0.8820415735244751,0.9231326580047607,0.9231326580047607,0.8502869606018066,0.8697183728218079,0.5003764629364014,1.0160653591156006
XP_012562068.1,ser,C1=CC2=C(C=C1O)C(=CN2)CCN,296,0.21044085919857025,0.4029746949672699,0.4251655340194702,0.36042073369026184,-0.0042838044464588165,0.44552865624427795,0.8737012147903442,0.894753098487854,0.9648248553276062,0.9648248553276062,0.8509203195571899,0.8645901679992676,0.4715132713317871,0.6254375576972961
XP_012562068.1,try,C1=CC=C2C(=C1)C(=CN2)CCN,296,0.17893576622009277,0.6212773323059082,0.3993653655052185,0.6906360387802124,-0.041493844240903854,0.551918625831604,0.8858871459960938,0.9033527970314026,0.9827494025230408,0.9827494025230408,0.8616715669631958,0.8993863463401794,0.4159162640571594,0.4740853011608124
XP_012562571.1,ach,CC(=O)OCC[N+](C)(C)C,407,0.23677775263786316,0.706673264503479,-0.556602418422699,0.6190119981765747,1.0301579236984253,0.7943345308303833,0.8067607879638672,0.8331433534622192,0.9280271530151367,0.9280271530151367,0.7764442563056946,0.8149049878120422,0.7167284488677979,1.0298758745193481
XP_012562571.1,dop,C1=CC(=C(C=C1CCN)O)O,407,0.3032136857509613,0.7221025228500366,0.3164719343185425,0.7451763153076172,0.2899554371833801,0.6990286707878113,0.8196448683738708,0.8898188471794128,0.9848615527153015,0.9848615527153015,0.7783406972885132,0.8269463181495667,0.4866657257080078,0.5106987357139587
XP_012562571.1,his,C1=C(NC=N1)CCN,407,-0.15441422164440155,0.8635905981063843,-0.07303053140640259,0.9405151605606079,-0.2357979118824005,0.7866660356521606,0.8081774115562439,0.843549370765686,0.9434570074081421,0.9434570074081421,0.7743574976921082,0.82416170835495,0.7006272673606873,0.9343626499176025
XP_012562571.1,pea,C1=CC=C(C=C1)CCN,407,0.9451392889022827,0.7338637113571167,1.4208530187606812,0.8063801527023315,0.4694255590438843,0.6613473296165466,0.7928122878074646,0.8780726790428162,0.9589391946792603,0.9589391946792603,0.7512805461883545,0.8064810037612915,0.6101177930831909,0.8575190901756287
XP_012562571.1,ser,C1=CC2=C(C=C1O)C(=CN2)CCN,407,-0.037842895835638046,0.5690808892250061,-0.1000012457370758,0.6529672741889954,0.024315454065799713,0.48519453406333923,0.8115007281303406,0.8768946528434753,0.9622242450714111,0.9622242450714111,0.7738198637962341,0.8227033615112305,0.5339974761009216,0.7602421045303345
XP_012562571.1,try,C1=CC=C2C(=C1)C(=CN2)CCN,407,0.3379187285900116,0.6535062789916992,0.2901052236557007,0.8013575673103333,0.3857322335243225,0.50565505027771,0.8199817538261414,0.882131040096283,0.9744564890861511,0.9744564890861511,0.7813631296157837,0.8411619663238525,0.5369548201560974,0.619568407535553
XP_012563056.1,ach,CC(=O)OCC[N+](C)(C)C,372,0.5774303674697876,0.7364674806594849,0.053371280431747437,0.5707622766494751,1.1014894247055054,0.9021727442741394,0.8227454423904419,0.913426399230957,0.9776763319969177,0.9776763319969177,0.7840127348899841,0.8307824730873108,0.4685041904449463,0.5427209734916687
XP_012563056.1,dop,C1=CC(=C(C=C1CCN)O)O,372,-0.39340609312057495,0.9220917820930481,-0.29876288771629333,0.9167738556861877,-0.48804932832717896,0.9274097084999084,0.8233317732810974,0.9019626975059509,0.979866623878479,0.979866623878479,0.784197986125946,0.843083381652832,0.5056319832801819,0.5434947609901428
XP_012563056.1,his,C1=C(NC=N1)CCN,372,-0.2062869817018509,0.9158576726913452,-0.37898629903793335,0.9925440549850464,-0.03358766809105873,0.839171290397644,0.8187783360481262,0.9074267148971558,0.9748421907424927,0.9748421907424927,0.779762327671051,0.8260692358016968,0.4949076175689697,0.5768933296203613
XP_012563056.1,pea,C1=CC=C(C=C1)CCN,372,0.7308789491653442,0.8323553800582886,1.070662260055542,0.8593254685401917,0.3910956382751465,0.8053852915763855,0.8276629447937012,0.9423163533210754,0.986754298210144,0.986754298210144,0.7878900766372681,0.8478609919548035,0.36932188272476196,0.44586899876594543
XP_012563056.1,ser,C1=CC2=C(C=C1O)C(=CN2)CCN,372,-0.5677490234375,0.8386206030845642,-0.2831769585609436,0.832517683506012,-0.8523210883140564,0.8447235226631165,0.8406944274902344,0.9016621112823486,0.9792511463165283,0.9792511463165283,0.8060553073883057,0.8672133684158325,0.4893542528152466,0.5316430926322937
XP_012563056.1,try,C1=CC=C2C(=C1)C(=CN2)CCN,372,-0.49510979652404785,0.8546985387802124,-0.4332309663295746,0.9114826321601868,-0.5569885969161987,0.7979143857955933,0.8537344932556152,0.9181602597236633,0.9839154481887817,0.9839154481887817,0.8211892247200012,0.8767127990722656,0.4538419246673584,0.4737844169139862
t17782aep,ach,CC(=O)OCC[N+](C)(C)C,195,-0.3302276134490967,0.08044110983610153,-1.7542047500610352,0.006253624800592661,1.0937495231628418,0.15462858974933624,0.8584518432617188,0.8844837546348572,0.9144225120544434,0.9144225120544434,0.8444591760635376,0.7640371918678284,0.5600511431694031,1.669352650642395
t17782aep,dop,C1=CC(=C(C=C1CCN)O)O,195,0.4777469038963318,0.2840043008327484,0.10962161421775818,0.35165879130363464,0.845872163772583,0.21634982526302338,0.856207549571991,0.9156810641288757,0.9173662662506104,0.9173662662506104,0.8409178853034973,0.7521035075187683,0.4378123879432678,1.2435306310653687
t17782aep,his,C1=C(NC=N1)CCN,195,0.890364944934845,0.1505817323923111,1.736899971961975,0.009901570156216621,0.043829888105392456,0.2912618815898895,0.8746323585510254,0.8821287751197815,0.8679786324501038,0.8679786324501038,0.8762957453727722,0.8200353384017944,0.6340795755386353,2.367955207824707
t17782aep,pea,C1=CC=C(C=C1)CCN,195,0.47773903608322144,0.302401602268219,0.4069646894931793,0.4104391038417816,0.5485134124755859,0.19436408579349518,0.8501302003860474,0.8533744812011719,0.8667268753051758,0.8667268753051758,0.8459810018539429,0.7457243800163269,0.7322888374328613,2.8077056407928467
t17782aep,ser,C1=CC2=C(C=C1O)C(=CN2)CCN,195,1.5334372520446777,0.19384872913360596,1.2787195444107056,0.20788443088531494,1.7881548404693604,0.17981302738189697,0.8273360133171082,0.8731575012207031,0.8715558648109436,0.8715558648109436,0.8162810802459717,0.7383859157562256,0.6737064719200134,2.197286367416382
t17782aep,try,C1=CC=C2C(=C1)C(=CN2)CCN,195,1.451586127281189,0.16350157558918,1.400154709815979,0.17577813565731049,1.503017544746399,0.1512250155210495,0.8590108156204224,0.9500965476036072,0.9379626512527466,0.9379626512527466,0.8392728567123413,0.7234233021736145,0.3501409888267517,0.8858521580696106
t18253aep,ach,CC(=O)OCC[N+](C)(C)C,223,0.9244965314865112,0.23173686861991882,-0.7216981053352356,0.07051783055067062,2.5706911087036133,0.3929558992385864,0.8128863573074341,0.9103488326072693,0.9523302316665649,0.9523302316665649,0.7780253291130066,0.6946419477462769,0.564125120639801,1.3296173810958862
t18253aep,dop,C1=CC(=C(C=C1CCN)O)O,223,0.6170429587364197,0.2308087944984436,0.3063686490058899,0.28331372141838074,0.9277172684669495,0.17830388247966766,0.7945796251296997,0.9421921968460083,0.8740243911743164,0.8740243911743164,0.7747184038162231,0.6104555130004883,0.44467586278915405,1.5000118017196655
t18253aep,his,C1=C(NC=N1)CCN,223,0.48216167092323303,0.2650127708911896,0.871786892414093,0.09933425486087799,0.09253646433353424,0.43069130182266235,0.7856160402297974,0.9219579696655273,0.9220399856567383,0.9220399856567383,0.7515100240707397,0.6696107387542725,0.46578046679496765,1.1859196424484253
t18253aep,pea,C1=CC=C(C=C1)CCN,223,0.7093139886856079,0.4636210799217224,0.8907256126403809,0.6239871978759766,0.5279024243354797,0.30325499176979065,0.8263409733772278,0.9557321667671204,0.9800118803977966,0.9800118803977966,0.787923276424408,0.713257372379303,0.34979569911956787,0.6395882964134216
t18253aep,ser,C1=CC2=C(C=C1O)C(=CN2)CCN,223,0.8994346261024475,0.22430771589279175,1.1502161026000977,0.28658512234687805,0.6486531496047974,0.16203032433986664,0.8195423483848572,0.9327049255371094,0.9460608959197998,0.9460608959197998,0.7879126071929932,0.6506542563438416,0.4695955514907837,1.0848568677902222
t18253aep,try,C1=CC=C2C(=C1)C(=CN2)CCN,223,0.4940674901008606,0.3486085534095764,0.6232692003250122,0.4526713788509369,0.3648657500743866,0.24454575777053833,0.8243822455406189,0.9241562485694885,0.8993383049964905,0.8993383049964905,0.8056431412696838,0.7000612616539001,0.49981850385665894,1.4608339071273804
t19057aep,ach,CC(=O)OCC[N+](C)(C)C,386,0.7485318183898926,0.48581060767173767,0.11883887648582458,0.15989291667938232,1.3782247304916382,0.811728298664093,0.832294762134552,0.8439486622810364,0.9600409865379333,0.9600409865379333,0.8003581762313843,0.84718257188797,0.7063206434249878,0.8120545744895935
t19057aep,dop,C1=CC(=C(C=C1CCN)O)O,386,0.14179766178131104,0.7828500270843506,0.4079374372959137,0.7511968016624451,-0.12434209883213043,0.8145031929016113,0.8208376169204712,0.8784937858581543,0.984873354434967,0.984873354434967,0.779828667640686,0.845983624458313,0.5584110021591187,0.518085241317749
t19057aep,his,C1=C(NC=N1)CCN,386,-0.0646839588880539,0.8555206060409546,0.055706143379211426,0.9371712803840637,-0.1850740611553192,0.7738699913024902,0.8524255752563477,0.9160645604133606,0.9797141551971436,0.9797141551971436,0.8206034898757935,0.862663745880127,0.39513325691223145,0.5489932894706726
t19057aep,pea,C1=CC=C(C=C1)CCN,386,0.8661251068115234,0.5208799839019775,1.5387004613876343,0.48148074746131897,0.1935497224330902,0.5602791905403137,0.8157662749290466,0.884827733039856,0.9744762182235718,0.9744762182235718,0.7760887145996094,0.8318403959274292,0.5869986414909363,0.6473484039306641
t19057aep,ser,C1=CC2=C(C=C1O)C(=CN2)CCN,386,-0.40235817432403564,0.6656033992767334,-0.24141839146614075,0.6871354579925537,-0.5632979273796082,0.6440714001655579,0.8074024319648743,0.8467442393302917,0.9542994499206543,0.9542994499206543,0.7706782221794128,0.8297446370124817,0.7258739471435547,0.807914137840271
t19057aep,try,C1=CC=C2C(=C1)C(=CN2)CCN,386,0.085121288895607,0.6646444797515869,0.25243616104125977,0.7558465003967285,-0.08219358325004578,0.5734424591064453,0.8148865103721619,0.8972126841545105,0.9840985536575317,0.9840985536575317,0.7725834846496582,0.840474545955658,0.5169298052787781,0.4980560541152954
t1966aep,ach,CC(=O)OCC[N+](C)(C)C,308,0.9500966668128967,0.0629296526312828,-0.3504437208175659,0.007692908868193626,2.2506370544433594,0.11816639453172684,0.7721202373504639,0.8119931221008301,0.8891026377677917,0.8891026377677917,0.7428746223449707,0.7661660313606262,0.9439088106155396,1.4699209928512573
t1966aep,dop,C1=CC(=C(C=C1CCN)O)O,308,-0.23758596181869507,0.22975307703018188,-0.9950230717658997,0.19658523797988892,0.5198511481285095,0.26292091608047485,0.7828658819198608,0.9123255610466003,0.9584435820579529,0.9584435820579529,0.7389714121818542,0.7776279449462891,0.5256969332695007,0.753153383731842
t1966aep,his,C1=C(NC=N1)CCN,308,1.2857786417007446,0.14481410384178162,1.6366705894470215,0.037170276045799255,0.934886634349823,0.2524579167366028,0.764352023601532,0.8560339212417603,0.8879327774047852,0.8879327774047852,0.7334567904472351,0.7808022499084473,0.7892747521400452,1.5918394327163696
t1966aep,pea,C1=CC=C(C=C1)CCN,308,1.1118087768554688,0.16257260739803314,1.0887877941131592,0.17694449424743652,1.1348297595977783,0.14820072054862976,0.7806268930435181,0.9040250182151794,0.9037190675735474,0.9037190675735474,0.749853789806366,0.726978600025177,0.5548430681228638,1.40253746509552
t1966aep,ser,C1=CC2=C(C=C1O)C(=CN2)CCN,308,1.2269392013549805,0.1138949915766716,0.2752199172973633,0.07926949858665466,2.1786584854125977,0.14852048456668854,0.7776252627372742,0.8393358588218689,0.8942285180091858,0.8942285180091858,0.7484744191169739,0.7479024529457092,0.8402859568595886,1.3559801578521729
t1966aep,try,C1=CC=C2C(=C1)C(=CN2)CCN,308,1.3867731094360352,0.22777244448661804,1.2158470153808594,0.2763696312904358,1.5576990842819214,0.1791752427816391,0.7898907661437988,0.7924476861953735,0.9467572569847107,0.9467572569847107,0.7506741285324097,0.8215988278388977,1.0209932327270508,0.9934399724006653
t21045aep,ach,CC(=O)OCC[N+](C)(C)C,350,-1.3654004335403442,0.9973505735397339,-1.8018001317977905,0.99784255027771,-0.9290007948875427,0.9968585968017578,0.8626370429992676,0.8823933005332947,0.9808545112609863,0.9808545112609863,0.8330826759338379,0.8848552703857422,0.674566924571991,0.5398543477058411
t21045aep,dop,C1=CC(=C(C=C1CCN)O)O,350,-1.2378923892974854,0.9111533164978027,-1.0723804235458374,0.9150462746620178,-1.4034044742584229,0.9072604179382324,0.8375789523124695,0.8349409699440002,0.9767686724662781,0.9767686724662781,0.8027815222740173,0.85666424036026,0.9008791446685791,0.658341109752655
t21045aep,his,C1=C(NC=N1)CCN,350,-0.7287717461585999,0.9380900263786316,-0.5243408679962158,0.9817808866500854,-0.9332026243209839,0.8943991661071777,0.8476899266242981,0.9159332513809204,0.9703782200813293,0.9703782200813293,0.8170178532600403,0.8592286705970764,0.55417400598526,0.6349771618843079
t21045aep,pea,C1=CC=C(C=C1)CCN,350,-0.49308380484580994,0.9293805360794067,-0.11727606505155563,0.9694296717643738,-0.8688915371894836,0.8893314003944397,0.8483004570007324,0.9215462803840637,0.981019914150238,0.981019914150238,0.8151205778121948,0.8585168123245239,0.5045842528343201,0.5300071239471436
t21045aep,ser,C1=CC2=C(C=C1O)C(=CN2)CCN,350,-0.9010797739028931,0.849423885345459,-0.42750000953674316,0.8458688855171204,-1.374659538269043,0.8529788851737976,0.8590909838676453,0.8925687074661255,0.9664599299430847,0.9664599299430847,0.8322487473487854,0.8724260330200195,0.5641785264015198,0.6566197872161865
t21045aep,try,C1=CC=C2C(=C1)C(=CN2)CCN,350,-0.9336398839950562,0.8822581768035889,-0.9311639070510864,0.9239003658294678,-0.9361159205436707,0.84061598777771,0.84717857837677,0.9239717721939087,0.9824346303939819,0.9824346303939819,0.8133645057678223,0.8658782839775085,0.4917975068092346,0.5183586478233337
t25534aep,ach,CC(=O)OCC[N+](C)(C)C,406,0.15691961348056793,0.7053765654563904,-0.4234597980976105,0.5978962182998657,0.7372990250587463,0.812856912612915,0.8269409537315369,0.8510536551475525,0.9598720669746399,0.9598720669746399,0.7937081456184387,0.841014564037323,0.6545521020889282,0.8169550895690918
t25534aep,dop,C1=CC(=C(C=C1CCN)O)O,406,-0.11223439127206802,0.8353404998779297,-0.0714503824710846,0.8357189893722534,-0.15301840007305145,0.8349619507789612,0.8406692743301392,0.8599748015403748,0.9832884073257446,0.9832884073257446,0.8050144910812378,0.8463510870933533,0.5830779671669006,0.5529715418815613
t25534aep,his,C1=C(NC=N1)CCN,406,-0.20451250672340393,0.8769821524620056,-0.13462649285793304,0.9554573893547058,-0.2743985056877136,0.7985069155693054,0.838731586933136,0.8765828013420105,0.9636747241020203,0.9636747241020203,0.8074958324432373,0.8543097972869873,0.5698419809341431,0.7762306928634644
t25534aep,pea,C1=CC=C(C=C1)CCN,406,0.4360587000846863,0.7318980693817139,1.145241141319275,0.7379132509231567,-0.27312374114990234,0.725882887840271,0.8609753847122192,0.8809241056442261,0.9822060465812683,0.9822060465812683,0.8306677341461182,0.8715400099754333,0.497013121843338,0.5707179307937622
t25534aep,ser,C1=CC2=C(C=C1O)C(=CN2)CCN,406,-0.25241994857788086,0.7373620867729187,-0.12986737489700317,0.775161862373352,-0.37497249245643616,0.6995623111724854,0.8398514986038208,0.8516101241111755,0.9758490324020386,0.9758490324020386,0.8058521151542664,0.8582442402839661,0.6405084729194641,0.6482624411582947
t25534aep,try,C1=CC=C2C(=C1)C(=CN2)CCN,406,-0.035732559859752655,0.7523871660232544,0.08460403978824615,0.851671576499939,-0.15606915950775146,0.6531028151512146,0.826461136341095,0.8521854281425476,0.9769872426986694,0.9769872426986694,0.7888296246528625,0.8592166304588318,0.6371992826461792,0.6443829536437988
