protein,ligand,affinity_pred_value,affinity_probability_binary,affinity_pred_value1,affinity_probability_binary1,affinity_pred_value2,affinity_probability_binary2
5HT2A_HUMAN,ach,2.0933585166931152,0.6790313720703125,0.23403683304786682,0.47347521781921387,3.9526801109313965,0.8845875263214111
5HT2A_HUMAN,dop,-0.640670657157898,0.8997396230697632,-0.8977757692337036,0.9223088026046753,-0.3835654854774475,0.8771705031394958
5HT2A_HUMAN,his,1.4288032054901123,0.6406986713409424,1.706938624382019,0.6165925860404968,1.1506677865982056,0.6648048162460327
5HT2A_HUMAN,pea,1.4525713920593262,0.6291946768760681,1.2114919424057007,0.7778189778327942,1.6936508417129517,0.48057040572166443
5HT2A_HUMAN,ser,-2.09451961517334,0.9947615265846252,-1.839414119720459,0.9997091889381409,-2.3496251106262207,0.9898138642311096
5HT2A_HUMAN,try,-0.657394528388977,0.9605298638343811,-0.8415921926498413,0.9717550277709961,-0.47319692373275757,0.9493046998977661
5HT2B_HUMAN,ach,0.7119356393814087,0.6590057015419006,-0.5752241611480713,0.38661816716194153,1.9990954399108887,0.9313932061195374
5HT2B_HUMAN,dop,-0.2300989180803299,0.8144322633743286,0.31795886158943176,0.7666312456130981,-0.7781566977500916,0.8622332811355591
5HT2B_HUMAN,his,0.8786830902099609,0.6038326025009155,1.2095853090286255,0.6087194085121155,0.5477808713912964,0.5989458560943604
5HT2B_HUMAN,pea,0.5967240333557129,0.7951583862304688,0.8793389201164246,0.7696956396102905,0.3141091465950012,0.8206211924552917
5HT2B_HUMAN,ser,-2.123579263687134,0.9947191476821899,-1.8700870275497437,0.9996379613876343,-2.3770716190338135,0.9898003935813904
5HT2B_HUMAN,try,-0.5364730954170227,0.9360712766647339,-0.4387171268463135,0.9321870803833008,-0.6342290639877319,0.939955472946167
5HT2C_HUMAN,ach,1.1854248046875,0.8488039970397949,-0.7579823732376099,0.7812204957008362,3.1288318634033203,0.9163875579833984
5HT2C_HUMAN,dop,-0.7772068381309509,0.9258630871772766,-0.6048460006713867,0.9181324243545532,-0.9495676755905151,0.93359375
5HT2C_HUMAN,his,1.4180604219436646,0.6749547123908997,1.8993594646453857,0.6589300632476807,0.9367613196372986,0.6909793615341187
5HT2C_HUMAN,pea,1.036447286605835,0.7479814291000366,1.1331685781478882,0.7943126559257507,0.9397259950637817,0.7016502022743225
5HT2C_HUMAN,ser,-2.2134475708007812,0.9936813116073608,-2.0206689834594727,0.9991018772125244,-2.406226396560669,0.9882607460021973
5HT2C_HUMAN,try,-0.7182710766792297,0.9430222511291504,-1.091550350189209,0.9524030685424805,-0.3449917733669281,0.9336413741111755
ACM1_DROME,ach,-1.183288335800171,0.9890628457069397,-2.0192465782165527,0.9924008846282959,-0.3473299741744995,0.9857248067855835
ACM1_DROME,dop,-0.056703969836235046,0.7491476535797119,0.37562909722328186,0.6632438898086548,-0.48903703689575195,0.8350514769554138
ACM1_DROME,his,-0.21215519309043884,0.8430219888687134,-0.11924014985561371,0.8730081915855408,-0.30507025122642517,0.8130358457565308
ACM1_DROME,pea,0.30192506313323975,0.8414438962936401,0.38255470991134644,0.9263519644737244,0.22129541635513306,0.7565357685089111
ACM1_DROME,ser,-0.16332654654979706,0.7388591766357422,0.11868742108345032,0.7534580826759338,-0.44534051418304443,0.7242602109909058
ACM1_DROME,try,0.16759872436523438,0.701772153377533,0.3264252841472626,0.7650337219238281,0.008772172033786774,0.6385105848312378
ACM1_HUMAN,ach,-0.9583978652954102,0.9876440763473511,-1.521180510520935,0.9822288751602173,-0.39561527967453003,0.9930592775344849
ACM1_HUMAN,dop,0.03726761043071747,0.6744515895843506,-0.04911130666732788,0.680229663848877,0.12364652752876282,0.6686735153198242
ACM1_HUMAN,his,-0.16049893200397491,0.8524559736251831,-0.3025476336479187,0.9262050986289978,-0.018450237810611725,0.7787067890167236
ACM1_HUMAN,pea,0.1914730817079544,0.8639765977859497,0.35555556416511536,0.9185445308685303,0.02739058993756771,0.8094086050987244
ACM1_HUMAN,ser,-0.06824462860822678,0.6274532079696655,-0.03104517236351967,0.6674802899360657,-0.10544408857822418,0.5874261260032654
ACM1_HUMAN,try,-0.08778045326471329,0.6575669050216675,-0.16880273818969727,0.7751752138137817,-0.006758164614439011,0.539958655834198
ACM1_MOUSE,ach,-1.1642978191375732,0.9851921796798706,-1.4510830640792847,0.9747552275657654,-0.8775126338005066,0.995629072189331
ACM1_MOUSE,dop,-0.29677677154541016,0.6731323003768921,-0.4267091155052185,0.6726758480072021,-0.1668444126844406,0.6735886931419373
ACM1_MOUSE,his,0.16655902564525604,0.8009576797485352,0.23419979214668274,0.8796493411064148,0.09891825914382935,0.7222659587860107
ACM1_MOUSE,pea,0.4172203540802002,0.7609763145446777,0.6177445650100708,0.874821126461029,0.2166961133480072,0.6471315622329712
ACM1_MOUSE,ser,0.30065077543258667,0.5370503664016724,0.12569770216941833,0.584449052810669,0.4756038784980774,0.489651620388031
ACM1_MOUSE,try,0.026320621371269226,0.6608452200889587,0.028360694646835327,0.7611667513847351,0.024280548095703125,0.5605236887931824
ACM2_HUMAN,ach,-1.8005223274230957,0.9968838691711426,-1.8293651342391968,0.9956390857696533,-1.7716796398162842,0.9981285929679871
ACM2_HUMAN,dop,0.0627051442861557,0.7117047309875488,-0.12381193786859512,0.700896143913269,0.24922221899032593,0.7225133180618286
ACM2_HUMAN,his,-0.11629898846149445,0.862436056137085,0.07391057163476944,0.8944030404090881,-0.30650854110717773,0.8304690718650818
ACM2_HUMAN,pea,0.16305150091648102,0.8705538511276245,0.022256936877965927,0.9471812844276428,0.3038460612297058,0.7939264178276062
ACM2_HUMAN,ser,0.05595719814300537,0.6562916040420532,-0.010414969176054,0.5999088287353516,0.12232936918735504,0.7126743793487549
ACM2_HUMAN,try,0.25384271144866943,0.730589747428894,0.12112325429916382,0.8069543242454529,0.38656216859817505,0.6542251110076904
ACM2_MOUSE,ach,-1.5048260688781738,0.997427761554718,-1.882632851600647,0.9969006776809692,-1.1270194053649902,0.9979548454284668
ACM2_MOUSE,dop,0.21985980868339539,0.7172321081161499,0.18287433683872223,0.700045645236969,0.25684526562690735,0.734418511390686
ACM2_MOUSE,his,-0.10688529908657074,0.8646814823150635,-0.12798917293548584,0.9142231345176697,-0.08578142523765564,0.8151398301124573
ACM2_MOUSE,pea,0.30433449149131775,0.870320737361908,0.14499765634536743,0.9572969079017639,0.46367132663726807,0.783344566822052
ACM2_MOUSE,ser,-0.05535101890563965,0.6698645353317261,-0.3203118145465851,0.6464335322380066,0.2096097767353058,0.6932955980300903
ACM2_MOUSE,try,0.30476099252700806,0.7159855365753174,0.11663040518760681,0.7762323617935181,0.4928916096687317,0.6557387709617615
ACM3_HUMAN,ach,-1.3580005168914795,0.9860723614692688,-1.3081072568893433,0.9746219515800476,-1.4078936576843262,0.99752277135849
ACM3_HUMAN,dop,0.18845227360725403,0.6905453205108643,0.08748933672904968,0.7162973284721375,0.2894152104854584,0.6647933125495911
ACM3_HUMAN,his,-0.17054468393325806,0.8750757575035095,-0.37699320912361145,0.9720718860626221,0.035903848707675934,0.778079628944397
ACM3_HUMAN,pea,0.5575578808784485,0.8059142827987671,0.5844149589538574,0.9271714687347412,0.5307008028030396,0.6846571564674377
ACM3_HUMAN,ser,0.5537804365158081,0.5695708990097046,0.775285542011261,0.7188029885292053,0.332275390625,0.4203387498855591
ACM3_HUMAN,try,0.20630300045013428,0.7419803142547607,0.16187599301338196,0.8668736219406128,0.2507300078868866,0.6170870065689087
ACM3_MOUSE,ach,-1.3922092914581299,0.9862197637557983,-1.3575266599655151,0.9750341773033142,-1.426891803741455,0.9974053502082825
ACM3_MOUSE,dop,0.25489479303359985,0.6862915754318237,0.10631175339221954,0.7172452211380005,0.40347784757614136,0.6553378701210022
ACM3_MOUSE,his,-0.21681976318359375,0.8796848058700562,-0.3978140950202942,0.9777397513389587,-0.035825420171022415,0.7816298604011536
ACM3_MOUSE,pea,0.4531897008419037,0.8097405433654785,0.5139700174331665,0.9330921769142151,0.39240938425064087,0.6863888502120972
ACM3_MOUSE,ser,0.3959386944770813,0.6583908796310425,0.49724096059799194,0.6729934811592102,0.29463645815849304,0.6437882781028748
ACM3_MOUSE,try,0.173670694231987,0.7412772178649902,0.1315441131591797,0.8602728843688965,0.2157972753047943,0.622281551361084
ACM4_HUMAN,ach,-1.0066165924072266,0.983234167098999,-1.3557955026626587,0.9707950353622437,-0.6574376225471497,0.9956733584403992
ACM4_HUMAN,dop,0.05394813418388367,0.6916462779045105,-0.2571365237236023,0.7499874830245972,0.36503279209136963,0.6333050727844238
ACM4_HUMAN,his,-0.049692459404468536,0.8663442134857178,-0.2232089340686798,0.9382407665252686,0.12382401525974274,0.794447660446167
ACM4_HUMAN,pea,0.15685680508613586,0.849429726600647,0.3337098956108093,0.8972871899604797,-0.019996277987957,0.8015722036361694
ACM4_HUMAN,ser,0.31842225790023804,0.5617660284042358,0.4883544445037842,0.6283091306686401,0.14849010109901428,0.49522286653518677
ACM4_HUMAN,try,0.45812904834747314,0.6797504425048828,0.4025021493434906,0.7926666736602783,0.5137559175491333,0.5668342709541321
ACM4_MOUSE,ach,-1.1905372142791748,0.9927445650100708,-1.6584454774856567,0.9894428253173828,-0.7226289510726929,0.9960463643074036
ACM4_MOUSE,dop,0.08687923103570938,0.6489280462265015,-0.1441534012556076,0.7156835794448853,0.31791186332702637,0.5821724534034729
ACM4_MOUSE,his,0.26228415966033936,0.8180989027023315,0.28355076909065247,0.8931334614753723,0.24101755023002625,0.7430643439292908
ACM4_MOUSE,pea,0.47276121377944946,0.8265360593795776,0.3836922347545624,0.9350780844688416,0.5618302226066589,0.7179940938949585
ACM4_MOUSE,ser,0.3167543411254883,0.6387765407562256,0.12169972062110901,0.6837748885154724,0.5118089318275452,0.593778133392334
ACM4_MOUSE,try,0.31153857707977295,0.7068321704864502,0.14723844826221466,0.8407322764396667,0.47583872079849243,0.5729320645332336
ACM5_HUMAN,ach,-1.1157147884368896,0.9931305646896362,-1.594908595085144,0.9907738566398621,-0.63652104139328,0.9954872727394104
ACM5_HUMAN,dop,0.14264678955078125,0.4848594069480896,-0.11911510676145554,0.5543933510780334,0.40440869331359863,0.41532549262046814
ACM5_HUMAN,his,0.30318987369537354,0.8312636613845825,-0.02850896120071411,0.9263947010040283,0.6348887085914612,0.7361326217651367
ACM5_HUMAN,pea,0.4399029314517975,0.8532536029815674,0.5627903342247009,0.8932645320892334,0.31701552867889404,0.8132426738739014
ACM5_HUMAN,ser,0.5637819170951843,0.5293266773223877,0.6078956723213196,0.6307615041732788,0.5196681618690491,0.42789191007614136
ACM5_HUMAN,try,0.1357404589653015,0.7597550749778748,0.1750207245349884,0.8823164701461792,0.09646017849445343,0.6371936798095703
ACM5_MOUSE,ach,-1.3297815322875977,0.9944554567337036,-1.617536187171936,0.9926093220710754,-1.0420267581939697,0.996301531791687
ACM5_MOUSE,dop,0.271135151386261,0.6584501266479492,0.03148932754993439,0.6236565113067627,0.5107809901237488,0.693243682384491
ACM5_MOUSE,his,0.27259308099746704,0.8196660876274109,-0.013674911111593246,0.9184022545814514,0.5588610768318176,0.7209299206733704
ACM5_MOUSE,pea,0.5103893280029297,0.8013871908187866,0.5099554657936096,0.9089113473892212,0.510823130607605,0.6938629746437073
ACM5_MOUSE,ser,0.48812317848205566,0.6636258959770203,0.5707638263702393,0.721978485584259,0.40548253059387207,0.6052733063697815
ACM5_MOUSE,try,0.12321268022060394,0.7534871101379395,-0.114198237657547,0.8968594670295715,0.3606235980987549,0.6101148128509521
DRD2_HUMAN,ach,0.9523684978485107,0.7692189812660217,0.5497530698776245,0.608604907989502,1.354983925819397,0.9298330545425415
DRD2_HUMAN,dop,-1.9243959188461304,0.9964929223060608,-1.75007963180542,0.9997501969337463,-2.098712205886841,0.9932356476783752
DRD2_HUMAN,his,-0.038885682821273804,0.921891450881958,-0.4203560948371887,0.9554347395896912,0.3425847291946411,0.8883481025695801
DRD2_HUMAN,pea,-0.49347150325775146,0.9285789132118225,-0.4835786521434784,0.9540998339653015,-0.5033643245697021,0.9030579924583435
DRD2_HUMAN,ser,-1.8178961277008057,0.9889044761657715,-1.4529155492782593,0.994692862033844,-2.1828768253326416,0.983116090297699
DRD2_HUMAN,try,-0.43297019600868225,0.8936123847961426,-0.6901861429214478,0.90439772605896,-0.17575423419475555,0.88282710313797
DRD3_HUMAN,ach,0.7962458729743958,0.7630623579025269,0.22300633788108826,0.6128384470939636,1.3694853782653809,0.9132863283157349
DRD3_HUMAN,dop,-2.3929266929626465,0.9977692365646362,-2.201019287109375,0.9999716281890869,-2.584834337234497,0.9955667853355408
DRD3_HUMAN,his,0.21302740275859833,0.8961875438690186,-0.05650952085852623,0.9518573880195618,0.4825643301010132,0.8405176401138306
DRD3_HUMAN,pea,-0.42641106247901917,0.9219666719436646,-0.7119810581207275,0.9847862124443054,-0.1408410668373108,0.8591471314430237
DRD3_HUMAN,ser,-1.943192958831787,0.9816000461578369,-1.5476561784744263,0.9909652471542358,-2.3387298583984375,0.9722349047660828
DRD3_HUMAN,try,-1.024306297302246,0.8958019614219666,-1.0974969863891602,0.906917154788971,-0.9511154890060425,0.8846867680549622
DRD4_HUMAN,ach,0.9588510990142822,0.671911895275116,-0.07285040616989136,0.5033379197120667,1.990552544593811,0.8404858708381653
DRD4_HUMAN,dop,-2.079045534133911,0.9931672811508179,-2.1105427742004395,0.9999693632125854,-2.047548294067383,0.9863651990890503
DRD4_HUMAN,his,0.18141832947731018,0.8419967889785767,-0.005271431058645248,0.9422987103462219,0.3681080937385559,0.7416949272155762
DRD4_HUMAN,pea,-0.624991774559021,0.8690716028213501,-0.9497562646865845,0.9609387516975403,-0.3002273440361023,0.7772044539451599
DRD4_HUMAN,ser,-1.917612075805664,0.967332124710083,-1.9165232181549072,0.9851625561714172,-1.9187010526657104,0.9495017528533936
DRD4_HUMAN,try,-1.0363086462020874,0.9060244560241699,-1.2137144804000854,0.9328873753547668,-0.8589028120040894,0.879161536693573
HRH1_HUMAN,ach,-0.6579095125198364,0.9743409752845764,-1.1590895652770996,0.9646592140197754,-0.15672945976257324,0.9840227365493774
HRH1_HUMAN,dop,-0.6280379295349121,0.6397427320480347,-0.8039131164550781,0.7010367512702942,-0.45216280221939087,0.5784487128257751
HRH1_HUMAN,his,0.21522456407546997,0.7956834435462952,0.5291401147842407,0.8898128271102905,-0.09869098663330078,0.7015540599822998
HRH1_HUMAN,pea,-0.10148917883634567,0.8978999853134155,0.06625325977802277,0.9801579117774963,-0.2692316174507141,0.8156420588493347
HRH1_HUMAN,ser,-0.8874807953834534,0.8416681885719299,-0.7560336589813232,0.9346932172775269,-1.0189279317855835,0.748643159866333
HRH1_HUMAN,try,-0.1108846664428711,0.7801936268806458,-0.6927167773246765,0.945809543132782,0.4709474444389343,0.6145777106285095
HRH1_MOUSE,ach,-0.2214696705341339,0.93156898021698,-0.9505714774131775,0.9034978747367859,0.5076321363449097,0.9596401453018188
HRH1_MOUSE,dop,-0.7641797065734863,0.7765784859657288,-0.5668277144432068,0.769972026348114,-0.9615316987037659,0.7831849455833435
HRH1_MOUSE,his,-0.3278394043445587,0.8446732759475708,-0.11715631186962128,0.8896627426147461,-0.538522481918335,0.7996838092803955
HRH1_MOUSE,pea,-0.2757932245731354,0.9018650054931641,-0.049804408103227615,0.9537433981895447,-0.5017820596694946,0.8499866127967834
HRH1_MOUSE,ser,-0.9868303537368774,0.8331058025360107,-0.8396309018135071,0.908318281173706,-1.1340298652648926,0.7578932642936707
HRH1_MOUSE,try,-0.7978891730308533,0.8496700525283813,-1.2797585725784302,0.9751992225646973,-0.31601980328559875,0.7241408824920654
HRH2_HUMAN,ach,0.30239611864089966,0.606124997138977,-0.37366241216659546,0.48795583844184875,0.9784546494483948,0.724294126033783
HRH2_HUMAN,dop,-0.8856397867202759,0.8983257412910461,-1.1655019521713257,0.9529127478599548,-0.6057776808738708,0.8437387347221375
HRH2_HUMAN,his,-0.42279428243637085,0.9452366232872009,-0.5670595169067383,0.9927884936332703,-0.2785290479660034,0.8976847529411316
HRH2_HUMAN,pea,-0.22087545692920685,0.8722214698791504,0.006841372698545456,0.9265050292015076,-0.44859227538108826,0.8179378509521484
HRH2_HUMAN,ser,-0.12316998839378357,0.5118569135665894,0.01452801376581192,0.5539923906326294,-0.26086798310279846,0.4697214961051941
HRH2_HUMAN,try,-0.21936357021331787,0.800804615020752,-0.8575766086578369,0.9220766425132751,0.41884946823120117,0.6795325875282288
HRH2_MOUSE,ach,0.3066202998161316,0.459701269865036,-0.1654345542192459,0.2992249131202698,0.7786751389503479,0.6201776266098022
HRH2_MOUSE,dop,-0.7694650888442993,0.8930568695068359,-0.5922338366508484,0.9204866290092468,-0.946696400642395,0.865627110004425
HRH2_MOUSE,his,-0.38084277510643005,0.9048655033111572,-0.2897430658340454,0.956478476524353,-0.4719424843788147,0.8532525897026062
HRH2_MOUSE,pea,-0.22629010677337646,0.7654883861541748,0.10050022602081299,0.8099433183670044,-0.5530804395675659,0.72103351354599
HRH2_MOUSE,ser,0.05848284065723419,0.5551034212112427,-0.2306952178478241,0.6807826161384583,0.3476608991622925,0.4294242262840271
HRH2_MOUSE,try,-0.08125819265842438,0.7067438364028931,-0.51680988073349,0.8766106367111206,0.35429349541664124,0.5368769764900208
HRH3_HUMAN,ach,-0.352230042219162,0.933843731880188,-0.864836573600769,0.8846004605293274,0.16037648916244507,0.9830870628356934
HRH3_HUMAN,dop,-1.0281031131744385,0.6929452419281006,-1.4624431133270264,0.7063009142875671,-0.5937630534172058,0.679589569568634
HRH3_HUMAN,his,-2.285645008087158,0.9898420572280884,-2.27034854888916,0.9999669790267944,-2.3009414672851562,0.9797171950340271
HRH3_HUMAN,pea,-0.42592453956604004,0.8831175565719604,-0.15879890322685242,0.9387814998626709,-0.69305020570755,0.82745361328125
HRH3_HUMAN,ser,0.25617316365242004,0.3014054596424103,0.30113130807876587,0.39703696966171265,0.21121501922607422,0.20577393472194672
HRH3_HUMAN,try,0.001469239592552185,0.5830220580101013,0.2873579263687134,0.7701144814491272,-0.284419447183609,0.3959296643733978
HRH3_MOUSE,ach,-0.5099692940711975,0.9518159627914429,-1.0768667459487915,0.9213752746582031,0.05692819505929947,0.9822567105293274
HRH3_MOUSE,dop,-1.0790120363235474,0.7139948606491089,-1.3522635698318481,0.6672479510307312,-0.8057604432106018,0.7607417106628418
HRH3_MOUSE,his,-2.223538398742676,0.9880391359329224,-2.3195314407348633,0.9999868869781494,-2.1275455951690674,0.9760913252830505
HRH3_MOUSE,pea,-0.49882715940475464,0.8824220895767212,-0.07839532196521759,0.9285929799079895,-0.9192590117454529,0.8362512588500977
HRH3_MOUSE,ser,0.09477818012237549,0.4641689360141754,0.26197969913482666,0.5949795246124268,-0.07242333889007568,0.3333583474159241
HRH3_MOUSE,try,0.0461236834526062,0.6507047414779663,0.48778635263442993,0.7353105545043945,-0.39553898572921753,0.5660989880561829
HRH4_HUMAN,ach,0.40544337034225464,0.7809261083602905,0.0796942189335823,0.6493224501609802,0.7311925292015076,0.9125297665596008
HRH4_HUMAN,dop,-1.3642117977142334,0.8868881464004517,-1.502611517906189,0.9719876050949097,-1.2258119583129883,0.8017886877059937
HRH4_HUMAN,his,-1.9511072635650635,0.9864383935928345,-1.709901213645935,0.9998080134391785,-2.1923134326934814,0.9730687737464905
HRH4_HUMAN,pea,0.11326518654823303,0.8392829895019531,0.5967298746109009,0.8948234915733337,-0.3701995015144348,0.7837425470352173
HRH4_HUMAN,ser,-0.11183261126279831,0.6550548076629639,0.20592649281024933,0.835845410823822,-0.42959171533584595,0.4742642641067505
HRH4_HUMAN,try,0.07310956716537476,0.707629919052124,0.4291478991508484,0.8571133613586426,-0.2829287648200989,0.5581464171409607
HRH4_MOUSE,ach,0.34823450446128845,0.846282958984375,-0.6292770504951477,0.7662784457206726,1.3257460594177246,0.9262874126434326
HRH4_MOUSE,dop,-1.3306466341018677,0.934750497341156,-1.7235690355300903,0.9950605034828186,-0.9377242922782898,0.8744404911994934
HRH4_MOUSE,his,-1.819227695465088,0.9826064109802246,-1.765814185142517,0.9999884366989136,-1.8726410865783691,0.9652243852615356
HRH4_MOUSE,pea,0.4288588762283325,0.7516574859619141,0.855317234992981,0.9084682464599609,0.0024005286395549774,0.5948467254638672
HRH4_MOUSE,ser,-0.5947583913803101,0.7306686639785767,-0.44102776050567627,0.894962728023529,-0.7484889626502991,0.5663745999336243
HRH4_MOUSE,try,0.2752814292907715,0.6732612252235413,0.31652846932411194,0.871069073677063,0.23403435945510864,0.47545334696769714
MneR,ach,2.168715000152588,0.22868549823760986,1.5322703123092651,0.2683097720146179,2.805159568786621,0.1890612095594406
MneR,dop,2.0731215476989746,0.09951339662075043,1.7765305042266846,0.06502009183168411,2.3697128295898438,0.13400670886039734
MneR,his,1.0291632413864136,0.1573600471019745,0.5566707849502563,0.06663490831851959,1.5016556978225708,0.24808520078659058
MneR,pea,2.3241443634033203,0.12465366721153259,2.303647994995117,0.150386244058609,2.3446409702301025,0.09892109781503677
MneR,ser,1.9939899444580078,0.14273154735565186,2.3413243293762207,0.11685795336961746,1.646655559539795,0.16860513389110565
MneR,try,1.567946195602417,0.15882235765457153,1.4694644212722778,0.1277625858783722,1.6664280891418457,0.18988212943077087
Q9VHW1_DROME,ach,-1.3612632751464844,0.9976608753204346,-2.057847023010254,0.9987382292747498,-0.6646794080734253,0.9965835809707642
Q9VHW1_DROME,dop,-0.5294661521911621,0.8157784342765808,-0.7311897873878479,0.8288453817367554,-0.32774248719215393,0.8027114868164062
Q9VHW1_DROME,his,-0.5990460515022278,0.9098911881446838,-0.7141730785369873,0.9862093329429626,-0.48391902446746826,0.833573043346405
Q9VHW1_DROME,pea,-0.2146902084350586,0.933245062828064,-0.17810814082622528,0.992199718952179,-0.2512722611427307,0.8742903470993042
Q9VHW1_DROME,ser,-0.06683158874511719,0.7275118827819824,0.07700744271278381,0.7559707164764404,-0.2106706202030182,0.6990531086921692
Q9VHW1_DROME,try,-0.4184856116771698,0.8452221155166626,-0.5407620072364807,0.9180001020431519,-0.2962092161178589,0.7724441289901733
TriR,ach,0.6111096739768982,0.20060348510742188,-1.0921837091445923,0.14853745698928833,2.3144030570983887,0.2526695132255554
TriR,dop,1.0021836757659912,0.0890556201338768,0.5264025926589966,0.05748942866921425,1.4779646396636963,0.12062180787324905
TriR,his,0.8546744585037231,0.20957985520362854,0.30132704973220825,0.13468599319458008,1.4080218076705933,0.284473717212677
TriR,pea,1.828258991241455,0.1539592742919922,2.0067667961120605,0.1406383365392685,1.6497511863708496,0.16728021204471588
TriR,ser,2.085366725921631,0.12381738424301147,2.0421957969665527,0.12799763679504395,2.128537893295288,0.1196371391415596
TriR,try,1.6315070390701294,0.16617968678474426,1.479089617729187,0.15935024619102478,1.7839244604110718,0.17300912737846375
XP_002170550.2,ach,0.786374568939209,0.5501792430877686,-0.10070210695266724,0.34853631258010864,1.6734511852264404,0.7518222332000732
XP_002170550.2,dop,0.2903195023536682,0.6735725402832031,0.28473538160324097,0.6280116438865662,0.29590362310409546,0.7191334366798401
XP_002170550.2,his,-0.10018675774335861,0.8450320363044739,-0.3790307343006134,0.9854702949523926,0.17865721881389618,0.7045937776565552
XP_002170550.2,pea,0.8125911355018616,0.6708306074142456,1.0479644536972046,0.7871496081352234,0.5772178173065186,0.5545116066932678
XP_002170550.2,ser,0.4140864312648773,0.533007025718689,0.3099650740623474,0.5588680505752563,0.5182077884674072,0.5071459412574768
XP_002170550.2,try,0.5608367919921875,0.5694817900657654,0.5001486539840698,0.7420691847801208,0.6215248703956604,0.3968944251537323
XP_012554108.1,ach,-0.14616551995277405,0.08327771723270416,-1.2401952743530273,0.009989297948777676,0.9478642344474792,0.15656614303588867
XP_012554108.1,dop,0.4165972173213959,0.1636887788772583,-0.2959098219871521,0.07525194436311722,1.1291042566299438,0.25212562084198
XP_012554108.1,his,0.2410518229007721,0.29403433203697205,0.35570400953292847,0.08928686380386353,0.12639962136745453,0.49878180027008057
XP_012554108.1,pea,1.0804563760757446,0.41236913204193115,1.683336853981018,0.5092479586601257,0.47757598757743835,0.3154902756214142
XP_012554108.1,ser,0.8376122713088989,0.17242106795310974,0.5113638043403625,0.09597460925579071,1.16386079788208,0.24886751174926758
XP_012554108.1,try,1.0155107975006104,0.3477362394332886,1.4407027959823608,0.405224472284317,0.5903187394142151,0.29024800658226013
XP_012560064.1,ach,0.6141416430473328,0.6478447914123535,0.21695533394813538,0.39647573232650757,1.0113279819488525,0.8992138504981995
XP_012560064.1,dop,-0.14880216121673584,0.7878233790397644,-0.07474187016487122,0.7156398296356201,-0.22286245226860046,0.8600069284439087
XP_012560064.1,his,0.011548258364200592,0.8136705160140991,0.11308521032333374,0.785663366317749,-0.08998869359493256,0.8416776657104492
XP_012560064.1,pea,0.4316088557243347,0.7418318390846252,1.0564947128295898,0.7869583964347839,-0.1932770311832428,0.6967052817344666
XP_012560064.1,ser,-0.09217873215675354,0.5087326765060425,0.1915709376335144,0.5755181312561035,-0.3759284019470215,0.44194725155830383
XP_012560064.1,try,-0.001556307077407837,0.7257640957832336,0.23224800825119019,0.795966625213623,-0.23536062240600586,0.6555615663528442
XP_012561685.1,ach,-1.145140528678894,0.9967465400695801,-1.8272478580474854,0.9984340071678162,-0.4630332589149475,0.9950590133666992
XP_012561685.1,dop,-1.0446784496307373,0.9300389885902405,-0.8394656181335449,0.9582364559173584,-1.2498912811279297,0.9018415212631226
XP_012561685.1,his,-0.5702372193336487,0.9150844812393188,-0.3526591658592224,0.9662718772888184,-0.787815272808075,0.8638971447944641
XP_012561685.1,pea,-0.44928961992263794,0.936643123626709,0.024779178202152252,0.9675900340080261,-0.9233584403991699,0.9056962728500366
XP_012561685.1,ser,-0.7015569806098938,0.868232011795044,-0.27441295981407166,0.9092285633087158,-1.1287009716033936,0.8272355198860168
XP_012561685.1,try,-0.8711326122283936,0.9200430512428284,-0.654505729675293,0.9619346857070923,-1.0877594947814941,0.8781514167785645
XP_012561693.1,ach,1.3101760149002075,0.3004899024963379,0.3077629506587982,0.07671378552913666,2.312589168548584,0.5242660045623779
XP_012561693.1,dop,0.22731532156467438,0.5279017686843872,0.18490135669708252,0.7337982058525085,0.26972928643226624,0.3220052719116211
XP_012561693.1,his,0.9659468531608582,0.304990291595459,1.060968279838562,0.20941270887851715,0.8709254264831543,0.4005678594112396
XP_012561693.1,pea,0.7158873081207275,0.6907744407653809,0.8787698745727539,0.913498044013977,0.553004801273346,0.46805086731910706
XP_012561693.1,ser,0.392575204372406,0.4470856785774231,0.3167600929737091,0.625937819480896,0.4683903157711029,0.2682335078716278
XP_012561693.1,try,0.44359326362609863,0.5790128111839294,0.6978819370269775,0.7812795042991638,0.18930459022521973,0.37674611806869507
XP_012561731.1,ach,-1.5071622133255005,0.9981377720832825,-1.9360427856445312,0.9989959597587585,-1.0782816410064697,0.9972795844078064
XP_012561731.1,dop,-0.816006064414978,0.8429282903671265,-0.8188695907592773,0.9002282619476318,-0.8131425976753235,0.7856283783912659
XP_012561731.1,his,-0.43333926796913147,0.9078574180603027,-0.25507545471191406,0.9591907858848572,-0.6116030812263489,0.8565241098403931
XP_012561731.1,pea,-0.7079911828041077,0.925813615322113,-0.27887463569641113,0.9638943672180176,-1.1371077299118042,0.8877328634262085
XP_012561731.1,ser,-0.5663447976112366,0.8281980156898499,-0.3016677796840668,0.8988953232765198,-0.8310218453407288,0.7575007081031799
XP_012561731.1,try,-0.6604973077774048,0.8810027837753296,-0.3370615839958191,0.9193668365478516,-0.9839330315589905,0.8426386713981628
XP_012561929.1,ach,1.1419850587844849,0.32079169154167175,-0.033408526331186295,0.07962683588266373,2.3173787593841553,0.561956524848938
XP_012561929.1,dop,-0.3484821915626526,0.6621235609054565,-0.5913313627243042,0.7237973213195801,-0.10563303530216217,0.6004498600959778
XP_012561929.1,his,0.03310461342334747,0.6704447269439697,0.31800180673599243,0.6383949518203735,-0.2517925798892975,0.7024945020675659
XP_012561929.1,pea,1.0611337423324585,0.43679559230804443,1.5500552654266357,0.5052000284194946,0.572212278842926,0.3683911859989166
XP_012561929.1,ser,0.35155415534973145,0.2850745618343353,0.18439483642578125,0.3402596116065979,0.5187134742736816,0.22988949716091156
XP_012561929.1,try,0.7228922247886658,0.41766512393951416,0.7815662026405334,0.5327985286712646,0.6642182469367981,0.3025316894054413
XP_012561998.1,ach,0.16281014680862427,0.6628011465072632,-0.32115787267684937,0.4141191840171814,0.6467781662940979,0.9114830493927002
XP_012561998.1,dop,-0.36855822801589966,0.7961524128913879,-0.11438962817192078,0.7538492679595947,-0.6227268576622009,0.8384555578231812
XP_012561998.1,his,-0.7351663112640381,0.9592101573944092,-0.535858154296875,0.9944451451301575,-0.934474527835846,0.9239751696586609
XP_012561998.1,pea,-0.0586276650428772,0.9049198627471924,0.4270772337913513,0.9423390626907349,-0.5443325638771057,0.8675006628036499
XP_012561998.1,ser,-0.27255791425704956,0.7264374494552612,-0.28363120555877686,0.8635867834091187,-0.26148462295532227,0.5892881751060486
XP_012561998.1,try,-0.5602864027023315,0.7999585866928101,-0.5580132007598877,0.8981531858444214,-0.5625596642494202,0.701763927936554
XP_012562020.1,ach,-0.7811001539230347,0.9751855134963989,-1.3607614040374756,0.9647623896598816,-0.20143894851207733,0.9856085777282715
XP_012562020.1,dop,-1.2557843923568726,0.9551049470901489,-1.2202379703521729,0.9666237235069275,-1.2913308143615723,0.9435861110687256
XP_012562020.1,his,-0.5776247382164001,0.9327586889266968,-0.5512730479240417,0.9807954430580139,-0.6039764285087585,0.8847219347953796
XP_012562020.1,pea,0.1810343861579895,0.8628376722335815,0.8552871942520142,0.8981423377990723,-0.49321842193603516,0.827532947063446
XP_012562020.1,ser,-0.9735720157623291,0.8557153940200806,-0.5310937166213989,0.8299986720085144,-1.4160503149032593,0.881432056427002
XP_012562020.1,try,-0.8284565210342407,0.8816074132919312,-0.6387699842453003,0.9296679496765137,-1.0181430578231812,0.8335469365119934
XP_012562068.1,ach,-0.015265285968780518,0.10277433693408966,-0.7637768387794495,0.012841586954891682,0.7332462668418884,0.1927070915699005
XP_012562068.1,dop,-0.35199710726737976,0.47182950377464294,-0.6438997387886047,0.5038778185844421,-0.06009445711970329,0.43978118896484375
XP_012562068.1,his,0.5163400769233704,0.45431917905807495,0.8221677541732788,0.32265928387641907,0.21051239967346191,0.5859790444374084
XP_012562068.1,pea,0.7040403485298157,0.3816322684288025,0.9420291781425476,0.45711714029312134,0.46605154871940613,0.30614739656448364
XP_012562068.1,ser,0.21044085919857025,0.4029746949672699,0.4251655340194702,0.36042073369026184,-0.0042838044464588165,0.44552865624427795
XP_012562068.1,try,0.17893576622009277,0.6212773323059082,0.3993653655052185,0.6906360387802124,-0.041493844240903854,0.551918625831604
XP_012562571.1,ach,0.23677775263786316,0.706673264503479,-0.556602418422699,0.6190119981765747,1.0301579236984253,0.7943345308303833
XP_012562571.1,dop,0.3032136857509613,0.7221025228500366,0.3164719343185425,0.7451763153076172,0.2899554371833801,0.6990286707878113
XP_012562571.1,his,-0.15441422164440155,0.8635905981063843,-0.07303053140640259,0.9405151605606079,-0.2357979118824005,0.7866660356521606
XP_012562571.1,pea,0.9451392889022827,0.7338637113571167,1.4208530187606812,0.8063801527023315,0.4694255590438843,0.6613473296165466
XP_012562571.1,ser,-0.037842895835638046,0.5690808892250061,-0.1000012457370758,0.6529672741889954,0.024315454065799713,0.48519453406333923
XP_012562571.1,try,0.3379187285900116,0.6535062789916992,0.2901052236557007,0.8013575673103333,0.3857322335243225,0.50565505027771
XP_012563056.1,ach,0.5774303674697876,0.7364674806594849,0.053371280431747437,0.5707622766494751,1.1014894247055054,0.9021727442741394
XP_012563056.1,dop,-0.39340609312057495,0.9220917820930481,-0.29876288771629333,0.9167738556861877,-0.48804932832717896,0.9274097084999084
XP_012563056.1,his,-0.2062869817018509,0.9158576726913452,-0.37898629903793335,0.9925440549850464,-0.03358766809105873,0.839171290397644
XP_012563056.1,pea,0.7308789491653442,0.8323553800582886,1.070662260055542,0.8593254685401917,0.3910956382751465,0.8053852915763855
XP_012563056.1,ser,-0.5677490234375,0.8386206030845642,-0.2831769585609436,0.832517683506012,-0.8523210883140564,0.8447235226631165
XP_012563056.1,try,-0.49510979652404785,0.8546985387802124,-0.4332309663295746,0.9114826321601868,-0.5569885969161987,0.7979143857955933
t17782aep,ach,-0.3302276134490967,0.08044110983610153,-1.7542047500610352,0.006253624800592661,1.0937495231628418,0.15462858974933624
t17782aep,dop,0.4777469038963318,0.2840043008327484,0.10962161421775818,0.35165879130363464,0.845872163772583,0.21634982526302338
t17782aep,his,0.890364944934845,0.1505817323923111,1.736899971961975,0.009901570156216621,0.043829888105392456,0.2912618815898895
t17782aep,pea,0.47773903608322144,0.302401602268219,0.4069646894931793,0.4104391038417816,0.5485134124755859,0.19436408579349518
t17782aep,ser,1.5334372520446777,0.19384872913360596,1.2787195444107056,0.20788443088531494,1.7881548404693604,0.17981302738189697
t17782aep,try,1.451586127281189,0.16350157558918,1.400154709815979,0.17577813565731049,1.503017544746399,0.1512250155210495
t18253aep,ach,0.9244965314865112,0.23173686861991882,-0.7216981053352356,0.07051783055067062,2.5706911087036133,0.3929558992385864
t18253aep,dop,0.6170429587364197,0.2308087944984436,0.3063686490058899,0.28331372141838074,0.9277172684669495,0.17830388247966766
t18253aep,his,0.48216167092323303,0.2650127708911896,0.871786892414093,0.09933425486087799,0.09253646433353424,0.43069130182266235
t18253aep,pea,0.7093139886856079,0.4636210799217224,0.8907256126403809,0.6239871978759766,0.5279024243354797,0.30325499176979065
t18253aep,ser,0.8994346261024475,0.22430771589279175,1.1502161026000977,0.28658512234687805,0.6486531496047974,0.16203032433986664
t18253aep,try,0.4940674901008606,0.3486085534095764,0.6232692003250122,0.4526713788509369,0.3648657500743866,0.24454575777053833
t19057aep,ach,0.7485318183898926,0.48581060767173767,0.11883887648582458,0.15989291667938232,1.3782247304916382,0.811728298664093
t19057aep,dop,0.14179766178131104,0.7828500270843506,0.4079374372959137,0.7511968016624451,-0.12434209883213043,0.8145031929016113
t19057aep,his,-0.0646839588880539,0.8555206060409546,0.055706143379211426,0.9371712803840637,-0.1850740611553192,0.7738699913024902
t19057aep,pea,0.8661251068115234,0.5208799839019775,1.5387004613876343,0.48148074746131897,0.1935497224330902,0.5602791905403137
t19057aep,ser,-0.40235817432403564,0.6656033992767334,-0.24141839146614075,0.6871354579925537,-0.5632979273796082,0.6440714001655579
t19057aep,try,0.085121288895607,0.6646444797515869,0.25243616104125977,0.7558465003967285,-0.08219358325004578,0.5734424591064453
t1966aep,ach,0.9500966668128967,0.0629296526312828,-0.3504437208175659,0.007692908868193626,2.2506370544433594,0.11816639453172684
t1966aep,dop,-0.23758596181869507,0.22975307703018188,-0.9950230717658997,0.19658523797988892,0.5198511481285095,0.26292091608047485
t1966aep,his,1.2857786417007446,0.14481410384178162,1.6366705894470215,0.037170276045799255,0.934886634349823,0.2524579167366028
t1966aep,pea,1.1118087768554688,0.16257260739803314,1.0887877941131592,0.17694449424743652,1.1348297595977783,0.14820072054862976
t1966aep,ser,1.2269392013549805,0.1138949915766716,0.2752199172973633,0.07926949858665466,2.1786584854125977,0.14852048456668854
t1966aep,try,1.3867731094360352,0.22777244448661804,1.2158470153808594,0.2763696312904358,1.5576990842819214,0.1791752427816391
t21045aep,ach,-1.3654004335403442,0.9973505735397339,-1.8018001317977905,0.99784255027771,-0.9290007948875427,0.9968585968017578
t21045aep,dop,-1.2378923892974854,0.9111533164978027,-1.0723804235458374,0.9150462746620178,-1.4034044742584229,0.9072604179382324
t21045aep,his,-0.7287717461585999,0.9380900263786316,-0.5243408679962158,0.9817808866500854,-0.9332026243209839,0.8943991661071777
t21045aep,pea,-0.49308380484580994,0.9293805360794067,-0.11727606505155563,0.9694296717643738,-0.8688915371894836,0.8893314003944397
t21045aep,ser,-0.9010797739028931,0.849423885345459,-0.42750000953674316,0.8458688855171204,-1.374659538269043,0.8529788851737976
t21045aep,try,-0.9336398839950562,0.8822581768035889,-0.9311639070510864,0.9239003658294678,-0.9361159205436707,0.84061598777771
t25534aep,ach,0.15691961348056793,0.7053765654563904,-0.4234597980976105,0.5978962182998657,0.7372990250587463,0.812856912612915
t25534aep,dop,-0.11223439127206802,0.8353404998779297,-0.0714503824710846,0.8357189893722534,-0.15301840007305145,0.8349619507789612
t25534aep,his,-0.20451250672340393,0.8769821524620056,-0.13462649285793304,0.9554573893547058,-0.2743985056877136,0.7985069155693054
t25534aep,pea,0.4360587000846863,0.7318980693817139,1.145241141319275,0.7379132509231567,-0.27312374114990234,0.725882887840271
t25534aep,ser,-0.25241994857788086,0.7373620867729187,-0.12986737489700317,0.775161862373352,-0.37497249245643616,0.6995623111724854
t25534aep,try,-0.035732559859752655,0.7523871660232544,0.08460403978824615,0.851671576499939,-0.15606915950775146,0.6531028151512146
